"Date","Description","Original Description","Amount","Transaction Type","Category","Account Name","Labels","Notes"
"10/25/2021","Netflix","NETFLIX.COM  866-579-7172","15.46","debit","Internet","AmEx Blue Cash","",""
"10/25/2021","Amazon","AMZN Mktp US","28.52","debit","Shopping","Amazon Chase","",""
"10/25/2021","CITI CARD ONLINE CO ENTRY DESCR:PAYMENT    SEC:WEB IND ID:430571556484290","ORIG CO NAME:CITI CARD ONLINE CO","2816.06","debit","Transfer","Chase Checking","",""
"10/25/2021","Amazon","Amazon.com","10.86","debit","Shopping","Amazon Chase","",""
"10/24/2021","HP Instant Ink","AUTH : HP *INSTANT INK","3.25","debit","Printing","Fidelity Visa","",""
"10/24/2021","Amazon","AMZN Mktp US","9.78","debit","Shopping","Amazon Chase","",""
"10/24/2021","Amazon","AMZN Mktp US","9.23","debit","Shopping","Amazon Chase","",""
"10/24/2021","Amazon","AMZN Mktp US","19.56","debit","Shopping","Amazon Chase","",""
"10/23/2021","AUTH : RIDWELL","AUTH : RIDWELL","16.00","debit","Parking","Fidelity Visa","",""
"10/23/2021","PAYMENT THANK YOU","PAYMENT THANK YOU","2816.06","credit","Transfer","Costco Visa","",""
"10/22/2021","AUTH : MIGHTY CODERS","AUTH : MIGHTY CODERS","239.00","debit","Kids Activities","Fidelity Visa","",""
"10/22/2021","REDSHELF ETEXTBOOKS,+13128788586,IL,606540000,840","REDSHELF ETEXTBOOKS,+13128788586,IL,606540000,840","414.42","debit","Books & Supplies","Alliant Visa","",""
"10/21/2021","Comcast","AUTH : COMCAST CABLE COMM","92.30","debit","Internet","Fidelity Visa","",""
"10/21/2021","Apple","APPLE.COM/BILL,866-712-7753,CA,950140000,840","10.77","debit","Gaming","Alliant Visa","",""
"10/21/2021","Arbat","ARBAT INTERNATIONAL FOOD,KIRKLAND,WA,980348204,840","58.75","debit","Groceries","Alliant Visa","",""
"10/20/2021","AUTH : WSDOT-GOODTOGO CSC","AUTH : WSDOT-GOODTOGO CSC","30.00","debit","Public Transportation","Fidelity Visa","",""
"10/24/2021","Amazon","Amazon.com*2Y5F97KA1","14.90","debit","Shopping","Amazon Chase","",""
"10/23/2021","Safeway","SAFEWAY #0533 0533  WOODINVILLE         WA","40.40","debit","Groceries","AmEx Blue Cash","",""
"10/22/2021","Hulu","HLU*Hulu 1032760686283 HULU.COM/","22.09","debit","Internet","Fidelity Visa","",""
"10/22/2021","Smith Brothers Farms, Inc.","SMITH BROTHERS FARMS 877-64556","14.97","debit","Groceries","Fidelity Visa","",""
"10/22/2021","Nationwide","NATIONWIDE PET INS 800-872-7","107.88","debit","Pets","Fidelity Visa","",""
"10/22/2021","Www Costco Com","WWW COSTCO COM 800-955-2292 WA","12.71","credit","Clothing","Costco Visa","",""
"10/22/2021","PayPal","PAYPAL           INST XFER  GOOG","11.00","debit","Shopping","Chase Checking","",""
"10/22/2021","Chase card ending in 7738 10/22","Payment to Chase card ending in","2400.00","debit","Transfer","Chase Checking","",""
"10/22/2021","Chase card ending in 5822 10/22","Payment to Chase card ending in","110.18","debit","Transfer","Chase Checking","",""
"10/22/2021","Payment Thank You - Web","Payment Thank You - Web","110.18","credit","Transfer","Chase Freedom","",""
"10/22/2021","Amazon","Amazon Tips*2Y17A28H0","7.00","debit","Shopping","Amazon Chase","",""
"10/22/2021","Payment Thank You - Web","Payment Thank You - Web","2400.00","credit","Transfer","Amazon Chase","",""
"10/21/2021","Safeway","SAFEWAY #0533 0533  WOODINVILLE         WA","94.47","debit","Groceries","AmEx Blue Cash","",""
"10/21/2021","Safeway","SAFEWAY #0533 0533  WOODINVILLE         WA","2.17","debit","Groceries","AmEx Blue Cash","",""
"10/21/2021","Amazon","AMZN Mktp US*2Y4GN3MI1","43.48","debit","Shopping","Amazon Chase","",""
"10/21/2021","Amazon","AMZN Mktp US*2Y3QV2LX2","1738.11","debit","Shopping","Amazon Chase","",""
"10/21/2021","Amazon","AMZN Mktp US*2Y1TX9VX1","38.61","debit","Shopping","Amazon Chase","",""
"10/21/2021","Amazon","AMZN Mktp US*2Y9NM5NT2","39.41","debit","Shopping","Amazon Chase","",""
"10/21/2021","Amazon","Amazon.com*2Y21A1LB2","77.64","debit","Shopping","Amazon Chase","",""
"10/21/2021","BLOOMZ CONV PACK","BLOOMZ CONV PACK","9.99","debit","Restaurants","Chase Freedom","",""
"10/20/2021","NY TIMES NYTIME 402-935-7733 NY","PAYPAL *NY TIMES NYTIME 402-935-7733 NY","4.00","debit","Newspapers & Magazines","Alliant Visa","",""
"10/20/2021","Costco Gas","COSTCO GAS #0747 WOODINVILLE WA","44.52","debit","Gas & Fuel","Costco Visa","",""
"10/19/2021","Safeway","SAFEWAY #0533 0533  WOODINVILLE         WA","86.49","debit","Groceries","AmEx Blue Cash","",""
"10/19/2021","LITRES 35314369001 IE","PAYPAL *LITRES 35314369001 IE","1.52","debit","Books","Alliant Visa","",""
"10/19/2021","Boden","JP Boden Services Inc Wilmington DE","25.87","debit","Clothing","Alliant Visa","",""
"10/19/2021","LITRES 35314369001 IE","PAYPAL *LITRES 35314369001 IE","2.93","debit","Books","Alliant Visa","",""
"10/19/2021","LITRES 35314369001 IE","PAYPAL *LITRES 35314369001 IE","4.11","debit","Books","Alliant Visa","",""
"10/19/2021","LITRES 35314369001 IE","PAYPAL *LITRES 35314369001 IE","0.58","debit","Books","Alliant Visa","",""
"10/19/2021","Seattle Children's","MED*SEATTLE CHILDRENS HOSSEATTLE WA","15.00","debit","Doctor","Costco Visa","",""
"10/19/2021","McDonald's","MCDONALD'S F7617 BOTHELL WA","5.40","debit","Fast Food","Costco Visa","",""
"10/19/2021","Costco","COSTCO WHSE #0747 WOODINVILLE WA","157.89","debit","Groceries","Costco Visa","",""
"10/19/2021","Alliant CU Visa WEBSERVPMT 9097 00000833920 WEB ID: 989765489","Alliant CU Visa  WEBSERVPMT 9097","2400.00","debit","Transfer","Chase Checking","",""
"10/19/2021","Amazon","AMZN Mktp US*2771M8UU2","23.86","debit","Shopping","Amazon Chase","",""
"10/19/2021","Amazon","Amazon.com*274IF0RE2","13.03","debit","Shopping","Amazon Chase","",""
"10/19/2021","Amazon","AMZN Mktp US*2Y1VA00Z1","19.56","debit","Shopping","Amazon Chase","",""
"10/18/2021","Puget Sound Energy","PUGET SOUND ENERGY INC 425-454-6","137.94","debit","Utilities","Fidelity Visa","",""
"10/18/2021","Puget Sound Energy","PUGET SOUND ENERGY INC 425-454-6","13.44","debit","Utilities","Fidelity Visa","",""
"10/18/2021","EVGRNHLTH-MILL CREEK PC 8772160753 WA","EVGRNHLTH-MILL CREEK PC 8772160753 WA","15.00","debit","Doctor","Alliant Visa","",""
"10/18/2021","Online Chicago Il","PAYMENT-ONLINE CHICAGO IL","2400.00","credit","Transfer","Alliant Visa","",""
"10/18/2021","OUTSCHOOL HTTPSOUTSCHOOCA","OUTSCHOOL HTTPSOUTSCHOOCA","22.00","debit","Tuition","Alliant Visa","",""
"10/18/2021","Costco Gas","COSTCO GAS #0747 WOODINVILLE WA","75.15","debit","Gas & Fuel","Costco Visa","",""
"10/17/2021","ADT Security","ADT SECURITY*403797703 WWW.ADT.COM FL","67.38","debit","Home Services","Alliant Visa","",""
"10/17/2021","SP * RED ROOSTER COFFE HTTPSREDROOSTVA","SP * RED ROOSTER COFFE HTTPSREDROOSTVA","68.82","debit","Coffee Shops","Alliant Visa","",""
"10/17/2021","PALACE ELITE WEB USD CANCUN QROO MX","PALACE ELITE WEB USD CANCUN QROO MX","246.45","debit","Vacation","Alliant Visa","",""
"10/17/2021","Amazon","Amazon.com*2Y07Z3OD0","19.92","debit","Shopping","Amazon Chase","",""
"10/17/2021","Amazon","AMZN Mktp US*277XQ56M2","73.86","debit","Shopping","Amazon Chase","",""
"10/15/2021","Safeway","SAFEWAY #0533 0533  WOODINVILLE         WA","50.47","debit","Groceries","AmEx Blue Cash","",""
"10/15/2021","Fred Meyer","FRED-MEYER #0457 BOTHELL WA","23.17","debit","Groceries","Alliant Visa","",""
"10/15/2021","McDonald's","MCDONALD'S F3317 KIRKLAND WA","6.49","debit","Fast Food","Costco Visa","",""
"10/15/2021","Costco","WWW COSTCO COM 800-955-2292 WA","27.16","debit","Shopping","Costco Visa","",""
"10/15/2021","Online Transfer 12693784807 to A mex High Yield Savings Acct ########5387 transaction #: 12693784807","Online Transfer 12693784807 to A","100.00","debit","Transfer","Chase Checking","",""
"10/15/2021","100-SFDC INC. PAYROLL PPD ID: 8359988345","100-SFDC INC.    PAYROLL","6011.18","credit","Paycheck","Chase Checking","",""
"10/15/2021","Amazon","Amazon Tips*2723U7552","5.00","debit","Shopping","Amazon Chase","",""
"10/15/2021","Amazon","Amazon.com*2Y9U80CU1","19.26","debit","Shopping","Amazon Chase","",""
"10/14/2021","Airline Ticket 844-8894052 MD","Airline Ticket 844-8894052 MD","2103.34","debit","Air Travel","Costco Visa","",""
"10/14/2021","Amazon","Amazon.com*275EV19C1","1.37","debit","Shopping","Amazon Chase","",""
"10/14/2021","Amazon","Amazon.com*272SG9SZ0","3.99","debit","Shopping","Amazon Chase","",""
"10/14/2021","Amazon","Amazon.com*272JX4230","47.26","debit","Shopping","Amazon Chase","",""
"10/14/2021","Amazon","Amazon.com*271F71XX2","14.12","debit","Shopping","Amazon Chase","",""
"10/14/2021","Amazon","Amazon.com*278FM0XR2","65.99","debit","Shopping","Amazon Chase","",""
"10/14/2021","Amazon","Amazon.com*2708Y09R1","6.87","debit","Shopping","Amazon Chase","",""
"10/14/2021","American Express","AMERICAN EXPRESS ACH PMT    W356","526.14","debit","Transfer","Chase Checking","",""
"10/13/2021","- THANK YOU","ONLINE PAYMENT - THANK YOU","526.14","credit","Transfer","AmEx Blue Cash","",""
"10/13/2021","Walgreens","WALGREENS #13770 WOODINVILLE WA","70.00","debit","Pharmacy","Alliant Visa","",""
"10/13/2021","Home Depot","THE HOME DEPOT #4712 BOTHELL WA","22.44","debit","Home Improvement","Alliant Visa","",""
"10/12/2021","ABC*425 FITNESS 888-82792 24906411282131915429001; 07997;","ABC*425 FITNESS 888-82792","32.02","debit","Gym","Fidelity Visa","",""
"10/12/2021","Google Fi","GOOGLE* Google Fi 650-25300","125.43","debit","Mobile Phone","Fidelity Visa","",""
"10/12/2021","GRAMMARLY COKY56LOM GRAMMARLY 24492151282715058983824; 05734;","GRAMMARLY COKY56LOM GRAMMARLY","139.95","debit","Electronics & Software","Fidelity Visa","",""
"10/12/2021","Apple","APPLE.COM/BILL 866-712-7753 CA","8.06","debit","Gaming","Alliant Visa","",""
"10/12/2021","McDonald's","MCDONALD'S F5795 WOODINVILLE WA","6.48","debit","Fast Food","Costco Visa","",""
"10/12/2021","PayPal","PAYPAL           INST XFER  GOOG","1.09","debit","Shopping","Chase Checking","",""
"10/12/2021","Chase card ending in 7738 10/12","Payment to Chase card ending in","800.00","debit","Transfer","Chase Checking","",""
"10/12/2021","EBATES CC EBT EPAY 5049 11236 WEB ID: 9130142001","EBATES CC        EBT EPAY   5049","266.35","debit","Transfer","Chase Checking","",""
"10/12/2021","PayPal","PAYPAL           INST XFER  GOOG","16.50","debit","Shopping","Chase Checking","",""
"10/12/2021","Microsoft","PAYPAL *MICROSOFT MICROSO","110.19","debit","Electronics & Software","Chase Freedom","",""
"10/12/2021","Credit","PayPal Credit","10.00","credit","Transfer","Chase Freedom","",""
"10/11/2021","OUTSCHOOL HTTPSOUTSCHOOCA","OUTSCHOOL HTTPSOUTSCHOOCA","10.00","debit","Tuition","Alliant Visa","",""
"10/11/2021","Payment Thank You - Web","Payment Thank You - Web","800.00","credit","Transfer","Amazon Chase","",""
"10/10/2021","Safeway","SAFEWAY #0533 0533  WOODINVILLE         WA","108.14","debit","Groceries","AmEx Blue Cash","",""
"10/10/2021","CIRQUESOLEILSHOWSTIX 800-450-1480 NV","CIRQUESOLEILSHOWSTIX 800-450-1480 NV","385.50","debit","Entertainment","Alliant Visa","",""
"10/10/2021","eBay","eBay O*14-07706-72016 408-3766151 CA","33.05","debit","Shopping","Alliant Visa","",""
"10/10/2021","Amazon Music","Amazon Music*277MX4OW2","4.34","debit","Music","Amazon Chase","",""
"10/09/2021","Costco","WWW COSTCO COM 800-955-2292 WA","41.52","debit","Shopping","Costco Visa","",""
"10/09/2021","Costco","WWW COSTCO COM 800-955-2292 WA","35.60","debit","Shopping","Costco Visa","",""
"10/08/2021","Smith Brothers Farms, Inc.","SMITH BROTHERS FARMS 877-64556","11.98","debit","Groceries","Fidelity Visa","",""
"10/08/2021","ABC*425 FITNESS 888-82792 24906411280131785936285; 07997;","ABC*425 FITNESS 888-82792","27.60","debit","Gym","Fidelity Visa","",""
"10/08/2021","KIDSCLUBSPA 35314369001 ES","PAYPAL *KIDSCLUBSPA 35314369001 ES","180.00","debit","Shopping","Alliant Visa","",""
"10/08/2021","Fred Meyer","FRED MEYER #0664 REDMOND WA","18.52","debit","Groceries","Alliant Visa","",""
"10/08/2021","Home Depot","THE HOME DEPOT #4723 REDMOND WA","36.46","debit","Home Improvement","Alliant Visa","",""
"10/08/2021","Costco Gas","COSTCO GAS #0747 WOODINVILLE WA","49.03","debit","Gas & Fuel","Costco Visa","",""
"10/08/2021","McDonald's","MCDONALD'S F3317 KIRKLAND WA","6.49","debit","Fast Food","Costco Visa","",""
"10/08/2021","Amazon","AMZN Mktp US*273R49TP0","45.65","debit","Shopping","Amazon Chase","",""
"10/07/2021","Whole Foods","WHOLEFDS KRK#10655 0KIRKLAND            WA","6.99","debit","Groceries","AmEx Blue Cash","",""
"10/06/2021","BANFIELD-PET*WPPAYMENT 360-784-5 24493981278083011229305; 05968;","BANFIELD-PET*WPPAYMENT 360-784-5","51.95","debit","Veterinary","Fidelity Visa","",""
"10/06/2021","Petco","PETCO 265 63502652 SEATTLE WA","30.95","debit","Pet Food & Supplies","Alliant Visa","",""
"10/06/2021","Walgreens","WALGREENS #6614 BOTHELL WA","10.00","debit","Pharmacy","Alliant Visa","",""
"10/06/2021","Aquarium Co-Op","SP * AQUARIUM CO-OP 120-65332281 WA","36.39","debit","Groceries","Alliant Visa","",""
"10/06/2021","Woodinville Pediatrics Clinic","WOODINVILLE PEDIATRIC DENWOODINVILLE WA","150.40","debit","Doctor","Alliant Visa","",""
"10/06/2021","CARDMEMBER SERV WEB payment **** *******7538 WEB ID: 5911111111","CARDMEMBER SERV  WEB PYMT   ****","1080.00","debit","Transfer","Chase Checking","",""
"10/06/2021","Amazon","AMZN Mktp US*2C2F332E2","11.95","debit","Shopping","Amazon Chase","",""
"10/06/2021","Amazon","Amazon.com*2C2QQ27M2","118.74","debit","Shopping","Amazon Chase","",""
"10/06/2021","Haggen","HAGGEN 3498","44.67","debit","Groceries","Amazon Chase","",""
"10/06/2021","Amazon","AMZN Mktp US*2C1LT1K62","73.82","debit","Shopping","Amazon Chase","",""
"10/06/2021","Amazon","AMZN Mktp US*2C3IF72N2","39.12","debit","Shopping","Amazon Chase","",""
"10/05/2021","INTERNET PAYMENT THANK YOU INTERNET; 00000;","INTERNET PAYMENT THANK YOU","1080.00","credit","Transfer","Fidelity Visa","",""
"10/05/2021","Home Depot","THE HOME DEPOT #4712 BOTHELL WA CREDIT","22.00","credit","Home Improvement","Alliant Visa","",""
"10/05/2021","The Pokemon Company International Inc","THE POKEMON COMPANY IN 425-229-6000 WA","29.32","debit","Hobbies","Alliant Visa","",""
"10/05/2021","Home Depot","THE HOME DEPOT #4712 BOTHELL WA","9.86","debit","Home Improvement","Alliant Visa","",""
"10/05/2021","Apple","APPLE.COM/BILL 866-712-7753 CA","3.22","debit","Gaming","Alliant Visa","",""
"10/05/2021","REDSHELF ETEXTBOOKS HTTPSREDSHELFIL","REDSHELF ETEXTBOOKS HTTPSREDSHELFIL","41.86","debit","Books & Supplies","Alliant Visa","",""
"10/05/2021","McDonald's","MCDONALD'S F7617 BOTHELL WA","5.40","debit","Fast Food","Costco Visa","",""
"10/05/2021","Whole Foods","WHOLEFDS KRK#10655","67.64","debit","Groceries","Amazon Chase","",""
"10/05/2021","Trader Joe's","TRADER JOE'S #132  QPS","66.47","debit","Groceries","Amazon Chase","",""
"10/05/2021","Amazon","Amazon.com*2C1EA76L2","14.45","debit","Shopping","Amazon Chase","",""
"10/05/2021","Amazon","AMZN Mktp US*2C0FF7WT0","42.97","debit","Shopping","Amazon Chase","",""
"10/05/2021","CENTRAL LOAN ADM LOAN PAYMT 0160 381182 WEB ID: 9DRAFTING","CENTRAL LOAN ADM LOAN PAYMT 0160","137.85","debit","Mortgage & Rent","Chase Checking","",""
"10/04/2021","OUTSCHOOL HTTPSOUTSCHOOCA","OUTSCHOOL HTTPSOUTSCHOOCA","22.00","debit","Tuition","Alliant Visa","",""
"10/04/2021","Home Depot","THE HOME DEPOT #4712 BOTHELL WA","107.79","debit","Home Improvement","Alliant Visa","",""
"10/04/2021","Amazon","AMZN Mktp US*2C9SW25R2","155.96","debit","Shopping","Amazon Chase","",""
"10/04/2021","PayPal","PAYPAL           INST XFER  GOOG","11.00","debit","Shopping","Chase Checking","",""
"10/03/2021","Background Checks Inc","SHS BACKGROUND CHECKS 888-2158296 IN","12.95","debit","Business Services","Alliant Visa","",""
"10/03/2021","Background Checks Inc","SHS BACKGROUND CHECKS 888-2158296 IN","12.95","debit","Business Services","Alliant Visa","",""
"10/03/2021","Amazon","AMZN Mktp US*2C06L57A0","28.26","debit","Shopping","Amazon Chase","",""
"10/02/2021","Spotify","SPOTIFY USA         NEW YORK","17.38","debit","Internet","AmEx Blue Cash","",""
"10/02/2021","Costco Gas","COSTCO GAS #0747 WOODINVILLE WA","57.45","debit","Gas & Fuel","Costco Visa","",""
"10/01/2021","Safeway","SAFEWAY #0533 0533  WOODINVILLE         WA","142.32","debit","Groceries","AmEx Blue Cash","",""
"10/01/2021","Smith Brothers Farms, Inc.","SMITH BROTHERS FARMS 877-64556","14.07","debit","Groceries","Fidelity Visa","",""
"10/01/2021","GRNCHEF*204645843 888-236-7295 CO","GRNCHEF*204645843 888-236-7295 CO","87.93","debit","Groceries","Alliant Visa","",""
"10/01/2021","McDonald's","MCDONALD'S F3317 KIRKLAND WA","6.49","debit","Fast Food","Costco Visa","",""
"10/01/2021","CHECK 128","CHECK","500.00","debit","Kids Activities","Chase Checking","",""
"10/01/2021","CORNERSTONE LOAN PAYMT 0166 363754 WEB ID: 9DRAFTING","CORNERSTONE      LOAN PAYMT 0166","4091.58","debit","Mortgage & Rent","Chase Checking","",""
"10/01/2021","Alliant CU Visa WEBSERVPMT 9097 00000833920 WEB ID: 989765489","Alliant CU Visa  WEBSERVPMT 9097","2072.40","debit","Transfer","Chase Checking","",""
"9/30/2021","FRGN TRANS FEE-SUPPORT_MDZ 74609051272000009109970; 00000;","FRGN TRANS FEE-SUPPORT_MDZ","0.20","debit","Fees & Charges","Fidelity Visa","",""
"9/30/2021","SUPPORT_MDZ RIGA 74609051272000009109970; 05815;","SUPPORT_MDZ RIGA","20.00","debit","Misc Expenses","Fidelity Visa","",""
"9/30/2021","DEPOSIT DIVIDEND Annual Percentage Yield Earned 0.55% for period from 09/01/21 thru 09/30/21 Based o","DEPOSIT DIVIDEND Annual Percentage Yield Earned 0.55% for period from 09/01/21 thru 09/30/21 Based on Average Daily Balance of: 21,768.57","9.82","credit","Investments","Alliant Savings","",""
"9/30/2021","Online Chicago Il","PAYMENT-ONLINE CHICAGO IL","2072.40","credit","Transfer","Alliant Visa","",""
"9/30/2021","Apple","APPLE.COM/BILL 866-712-7753 CA","3.22","debit","Gaming","Alliant Visa","",""
"9/30/2021","McDonald's","MCDONALD'S F7617 BOTHELL WA","5.40","debit","Fast Food","Costco Visa","",""
"9/30/2021","CITI CARD ONLINE PAYMENT 4305 50881327641 WEB ID: CITICTP","CITI CARD ONLINE PAYMENT    4305","1738.50","debit","Transfer","Chase Checking","",""
"9/30/2021","100-SFDC INC. PAYROLL PPD ID: 8359988345","100-SFDC INC.    PAYROLL","6011.18","credit","Paycheck","Chase Checking","",""
"9/30/2021","Online Transfer 12594968062 to A mex High Yield Savings Acct ########5387 transaction #: 12594968062","Online Transfer 12594968062 to A","100.00","debit","Transfer","Chase Checking","",""
"9/30/2021","100-SFDC INC. PAYROLL PPD ID: 8359988345","100-SFDC INC.    PAYROLL","5539.88","credit","Paycheck","Chase Checking","",""
"9/30/2021","Amazon","Amazon.com*2C9X48QR1","23.86","debit","Shopping","Amazon Chase","",""
"9/30/2021","Amazon","Amazon.com*2C7XW1JU2","13.41","debit","Shopping","Amazon Chase","",""
"9/30/2021","Amazon","Amazon.com*2C5XG5QN1","16.31","debit","Shopping","Amazon Chase","",""
"9/29/2021","Sirius Radio","SXM*SIRIUSXM.COM/ACCT 888-635-5","6.06","debit","Music","Fidelity Visa","",""
"9/29/2021","Airgas Usa, LLC","AIRGAS USA, LLC 866-935-3370 CA","30.63","debit","Business Services","Alliant Visa","",""
"9/29/2021","Breck's","BRECKS 513-354-1482 OH","65.50","debit","Lawn & Garden","Alliant Visa","",""
"9/29/2021","ONLINE PAYMENT, THANK YOU","ONLINE PAYMENT, THANK YOU","1738.50","credit","Transfer","Costco Visa","",""
"9/29/2021","PayPal","PAYPAL           INST XFER  GOOG","7.69","debit","Shopping","Chase Checking","",""
"9/29/2021","Chase card ending in 7738 09/29","Payment to Chase card ending in","10.86","debit","Transfer","Chase Checking","",""
"9/29/2021","REMOTE ONLINE DEPOSIT # 1 1","REMOTE ONLINE DEPOSIT #","10.86","credit","Income","Chase Checking","",""
"9/29/2021","Payment Thank You - Web","Payment Thank You - Web","10.86","credit","Transfer","Amazon Chase","",""
"9/28/2021","MEDIUMCORPO 402-935-7733 CA","PAYPAL *MEDIUMCORPO 402-935-7733 CA","5.00","debit","Hobbies","Alliant Visa","",""
"9/28/2021","Tires.com Online Order","TIRES.COM-ONLINE-ORDER SCOTTSDALE CREDIT","355.55","credit","Transfer","Alliant Visa","",""
"9/28/2021","USPS","USPS.COM POSTAL STORE 800-782-6724 MO","27.60","debit","Shipping","Alliant Visa","",""
"9/28/2021","Costco","COSTCO WHSE #0747 WOODINVILLE WA","178.70","debit","Groceries","Costco Visa","",""
"9/28/2021","Amazon","AMZN Mktp US*2C5EO34T2","14.77","debit","Shopping","Amazon Chase","",""
"9/28/2021","Amazon","Amazon Tips*2C3Q580N0","5.00","debit","Shopping","Amazon Chase","",""
"9/28/2021","Amazon","AMZN Mktp US*2C55G75U1","21.73","debit","Shopping","Amazon Chase","",""
"9/27/2021","RIDWELL HTTPSWWW.R 24011341267000048638343; 04789;","RIDWELL HTTPSWWW.R","16.00","debit","Shopping","Fidelity Visa","",""
"9/27/2021","HP Instant Ink","HP *INSTANT INK 855-785-2","3.25","debit","Printing","Fidelity Visa","",""
"9/27/2021","Home Depot","THE HOME DEPOT #4712 BOTHELL WA","23.09","debit","Home Improvement","Alliant Visa","",""
"9/27/2021","OUTSCHOOL HTTPSOUTSCHOOCA","OUTSCHOOL HTTPSOUTSCHOOCA","22.00","debit","Tuition","Alliant Visa","",""
"9/27/2021","Prime Video*2C5H64PH1","Prime Video*2C5H64PH1","3.25","debit","Movies & DVDs","Amazon Chase","",""
"9/27/2021","Amazon","AMZN Mktp US*2C4X45G21","24.99","debit","Shopping","Amazon Chase","",""
"9/27/2021","Amazon","Amazon.com*2C0KE9121","49.18","debit","Shopping","Amazon Chase","",""
"9/26/2021","MYFITNESSPAL WWW.MYFITNESSCA","MYFITNESSPAL WWW.MYFITNESSCA","49.99","debit","Gym","Alliant Visa","",""
"9/26/2021","SMALLABLESA 35314369001 FR","PAYPAL *SMALLABLESA 35314369001 FR","36.00","debit","Charity","Alliant Visa","",""
"9/26/2021","eBay","eBay O*10-07647-26052 408-3766151 CA","36.84","debit","Shopping","Alliant Visa","",""
"9/26/2021","Discount Tire","DISCOUNT-TIRE-CO WAS-05 KIRKLAND WA","177.76","debit","Service & Parts","Alliant Visa","",""
"9/26/2021","PetSmart","PETSMART # 0378 WOODENVILLE WA","65.49","debit","Pet Food & Supplies","Alliant Visa","",""
"9/26/2021","TIRES.COM-ONLINE-ORDER 888-774-6560 AZ","TIRES.COM-ONLINE-ORDER 888-774-6560 AZ","355.55","debit","Service & Parts","Alliant Visa","",""
"9/25/2021","Netflix","NETFLIX.COM         866-579-7172        CA","15.46","debit","Internet","AmEx Blue Cash","",""
"9/25/2021","Costco Gas","COSTCO GAS #0747 WOODINVILLE WA","44.76","debit","Gas & Fuel","Costco Visa","",""
"9/24/2021","QFC","QFC                 KIRKLAND            WA","1.69","debit","Groceries","AmEx Blue Cash","",""
"9/24/2021","MIGHTY CODERS WWW.MIGHTY 24492161267000007591590; 08299;","MIGHTY CODERS WWW.MIGHTY","239.00","debit","Kids Activities","Fidelity Visa","",""
"9/24/2021","GRNCHEF209161831 888-236-7295 CO","GRNCHEF209161831 888-236-7295 CO","52.94","debit","Groceries","Alliant Visa","",""
"9/24/2021","LITRESOPERA 35314369001 IE","PAYPAL *LITRESOPERA 35314369001 IE","3.59","debit","Music","Alliant Visa","",""
"9/24/2021","GRNCHEF209161831 888-236-7295 CO","GRNCHEF209161831 888-236-7295 CO","52.94","debit","Groceries","Alliant Visa","",""
"9/24/2021","LITRESOPERA 35314369001 IE","PAYPAL *LITRESOPERA 35314369001 IE","3.59","debit","Music","Alliant Visa","",""
"9/24/2021","LITRESOPERA 35314369001 IE","PAYPAL *LITRESOPERA 35314369001 IE","1.65","debit","Music","Alliant Visa","",""
"9/24/2021","LITRESOPERA 35314369001 IE","PAYPAL *LITRESOPERA 35314369001 IE","1.65","debit","Music","Alliant Visa","",""
"9/24/2021","Moon Palace Sunrise 800-4049882 FL","Moon Palace Sunrise 800-4049882 FL","374.88","debit","Hotel","Costco Visa","",""
"9/24/2021","Alaska Air","ALASKA AIR 0272115342716SEATTLE WANAME: KONDRASHOV/VLADIMIR DEPART:11/07/2021 SEA TO DCA: AS: CLASS:X : STOP:   TO SEA: AS: CLASS:X : STOP: O","256.81","debit","Air Travel","Costco Visa","",""
"9/24/2021","Alaska Air","ALASKA AIR 0272115342717SEATTLE WANAME: KONDRASHOVA/ALISIIA DEPART:11/07/2021 SEA TO DCA: AS: CLASS:X : STOP:   TO SEA: AS: CLASS:X : STOP: O","256.81","debit","Air Travel","Costco Visa","",""
"9/24/2021","McDonald's","MCDONALD'S F3317 KIRKLAND WA","6.49","debit","Fast Food","Costco Visa","",""
"9/24/2021","Amazon","AMZN Mktp US*2G7ZB7KM2","10.86","debit","Shopping","Amazon Chase","",""
"9/24/2021","CHECK 129","CHECK","250.00","debit","Check","Chase Checking","",""
"9/23/2021","Comcast","COMCAST CABLE COMM 800-COMCA","92.30","debit","Internet","Fidelity Visa","",""
"9/23/2021","Amazon","Amazon Tips*2C74O7OF0","5.00","debit","Shopping","Amazon Chase","",""
"9/23/2021","PayPal","PAYPAL           INST XFER  GOOG","16.50","debit","Shopping","Chase Checking","",""
"9/22/2021","Nationwide","NATIONWIDE PET INS 800-872-7","107.88","debit","Pets","Fidelity Visa","",""
"9/22/2021","Hulu","HLU*Hulu 1032760682603 HULU.COM/","22.09","debit","Internet","Fidelity Visa","",""
"9/22/2021","NY TIMES NYTIME 402-935-7733 NY","PAYPAL *NY TIMES NYTIME 402-935-7733 NY","4.00","debit","Newspapers & Magazines","Alliant Visa","",""
"9/22/2021","IN *SAPPHIRE GUTTER LLC 425-9513080 WA","IN *SAPPHIRE GUTTER LLC 425-9513080 WA","1894.64","debit","Home Improvement","Alliant Visa","",""
"9/22/2021","Amazon","Amazon.com*2G0L56YX0","43.20","debit","Shopping","Amazon Chase","",""
"9/21/2021","Whole Foods","WHOLEFDS KRK#10655 0KIRKLAND            WA","117.01","debit","Groceries","AmEx Blue Cash","",""
"9/21/2021","Alliant CU Visa WEBSERVPMT 9097 00000833920 WEB ID: 989765489","Alliant CU Visa  WEBSERVPMT 9097","22.00","debit","Transfer","Chase Checking","",""
"9/20/2021","Puget Sound Energy","PUGET SOUND ENERGY INC 425-454-6","15.05","debit","Utilities","Fidelity Visa","",""
"9/20/2021","Puget Sound Energy","PUGET SOUND ENERGY INC 425-454-6","137.02","debit","Utilities","Fidelity Visa","",""
"9/20/2021","OUTSCHOOL HTTPSOUTSCHOOCA","OUTSCHOOL HTTPSOUTSCHOOCA","10.00","debit","Tuition","Alliant Visa","",""
"9/20/2021","Apple","APPLE.COM/BILL 866-712-7753 CA","8.60","debit","Gaming","Alliant Visa","",""
"9/20/2021","Alliant CU Visa WEBSERVPMT 9097 00000833920 WEB ID: 989765489","Alliant CU Visa  WEBSERVPMT 9097","3000.00","debit","Transfer","Chase Checking","",""
"9/20/2021","PayPal","PAYPAL           INST XFER  GOOG","11.00","debit","Shopping","Chase Checking","",""
"9/20/2021","PayPal","PAYPAL           INST XFER  GOOG","1.09","debit","Shopping","Chase Checking","",""
"9/19/2021","Wal-Mart","WALMART.COM AA 800-966-6546 AR","10.44","debit","Shopping","Alliant Visa","",""
"9/19/2021","Apple","APPLE.COM/BILL 866-712-7753 CA","21.55","debit","Gaming","Alliant Visa","",""
"9/19/2021","Online Chicago Il","PAYMENT-ONLINE CHICAGO IL","22.00","credit","Transfer","Alliant Visa","",""
"9/19/2021","SP * RED ROOSTER COFFE HTTPSREDROOSTVA","SP * RED ROOSTER COFFE HTTPSREDROOSTVA","44.78","debit","Coffee Shops","Alliant Visa","",""
"9/19/2021","Amazon","Amazon.com*2G0V53D40","20.64","debit","Shopping","Amazon Chase","",""
"9/18/2021","Costco Gas","COSTCO GAS #0747 WOODINVILLE WA","59.19","debit","Gas & Fuel","Costco Visa","",""
"9/17/2021","Smith Brothers Farms, Inc.","SMITH BROTHERS FARMS 877-64556","14.87","debit","Groceries","Fidelity Visa","",""
"9/17/2021","Online Chicago Il","PAYMENT-ONLINE CHICAGO IL","3000.00","credit","Transfer","Alliant Visa","",""
"9/17/2021","OUTSCHOOL HTTPSOUTSCHOOCA","OUTSCHOOL HTTPSOUTSCHOOCA","10.00","debit","Tuition","Alliant Visa","",""
"9/17/2021","OUTSCHOOL HTTPSOUTSCHOOCA","OUTSCHOOL HTTPSOUTSCHOOCA","9.00","debit","Tuition","Alliant Visa","",""
"9/17/2021","GRNCHEF*205395611 888-236-7295 CO","GRNCHEF*205395611 888-236-7295 CO","70.78","debit","Groceries","Alliant Visa","",""
"9/17/2021","ADT Security","ADT SECURITY*403797703 WWW.ADT.COM FL","67.38","debit","Home Services","Alliant Visa","",""
"9/16/2021","DEPOSIT ACH ALLIANT CU TYPE: CASHBACK ID: 0271081528 CO: ALLIANT CU","DEPOSIT ACH ALLIANT CU TYPE: CASHBACK ID: 0271081528 CO: ALLIANT CU","140.00","credit","Income","Alliant Savings","",""
"9/16/2021","SP * RED ROOSTER COFFE HTTPSREDROOSTVA","SP * RED ROOSTER COFFE HTTPSREDROOSTVA","70.46","debit","Coffee Shops","Alliant Visa","",""
"9/16/2021","The Pokemon Company International Inc","THE POKEMON COMPANY IN 425-229-6000 WA","31.49","debit","Hobbies","Alliant Visa","",""
"9/16/2021","PALACE ELITE WEB USD CANCUN QROO MX","PALACE ELITE WEB USD CANCUN QROO MX","246.45","debit","Vacation","Alliant Visa","",""
"9/16/2021","Nordstrom","NORDSTROM RACK #139 KIRKLAND WA CREDIT","32.58","credit","Clothing","Alliant Visa","",""
"9/16/2021","Amazon","AMZN Mktp US*2G5FR6QT1","17.08","debit","Shopping","Amazon Chase","",""
"9/16/2021","Amazon","Amazon.com*2G7TM7L92","10.84","debit","Shopping","Amazon Chase","",""
"9/16/2021","Amazon","Amazon.com*2G0P28H30","14.90","debit","Shopping","Amazon Chase","",""
"9/16/2021","Amazon","AMZN Mktp US*2G6IM6HO0","17.38","debit","Shopping","Amazon Chase","",""
"9/15/2021","OUTSCHOOL HTTPSOUTSCHOOCA","OUTSCHOOL HTTPSOUTSCHOOCA","12.00","debit","Tuition","Alliant Visa","",""
"9/15/2021","Dorian Studio Inc.","DORIAN STUDIO. INC 800-826-3535 WA","48.00","debit","Business Services","Alliant Visa","",""
"9/15/2021","Apple","APPLE.COM/BILL 866-712-7753 CA","24.76","debit","Gaming","Alliant Visa","",""
"9/15/2021","PUREFORMULAS.COM 800-383-6008 FL","PUREFORMULAS.COM 800-383-6008 FL","17.39","debit","Pharmacy","Alliant Visa","",""
"9/15/2021","PetSmart","PETSMART # 0378 WOODENVILLE WA","34.00","debit","Pet Food & Supplies","Alliant Visa","",""
"9/15/2021","GoDaddy.com","PAYPAL *GODADDY.COM 402-935-7733 AZ","32.28","debit","Business Services","Alliant Visa","",""
"9/15/2021","Alliant CU Visa WEBSERVPMT 9097 00000833920 WEB ID: 989765489","Alliant CU Visa  WEBSERVPMT 9097","75.00","debit","Transfer","Chase Checking","",""
"9/15/2021","Online Transfer 12498432216 to A mex High Yield Savings Acct ########5387 transaction #: 12498432216","Online Transfer 12498432216 to A","100.00","debit","Transfer","Chase Checking","",""
"9/15/2021","100-SFDC INC. PAYROLL PPD ID: 8359988345","100-SFDC INC.    PAYROLL","6011.18","credit","Paycheck","Chase Checking","",""
"9/15/2021","Amazon","AMZN Mktp US*2G74H3VX0","70.60","debit","Shopping","Amazon Chase","",""
"9/14/2021","Whole Foods","WHOLEFDS KRK#10655 0KIRKLAND            WA","60.31","debit","Groceries","AmEx Blue Cash","",""
"9/14/2021","Trader Joe's","TRADER JOE'S #132  QKIRKLAND            WA","15.32","debit","Groceries","AmEx Blue Cash","",""
"9/14/2021","LITRES 353143690 74198811256136049629900; 05815;","PAYPAL *LITRES 353143690","2.63","debit","Books","Fidelity Visa","",""
"9/14/2021","FRGN TRANS FEE-LITRES 74198811256136049635030; 00000;","FRGN TRANS FEE-PAYPAL *LITRES","0.02","debit","Fees & Charges","Fidelity Visa","",""
"9/14/2021","FRGN TRANS FEE-LITRES 74198811256136049629900; 00000;","FRGN TRANS FEE-PAYPAL *LITRES","0.02","debit","Fees & Charges","Fidelity Visa","",""
"9/14/2021","LITRES 353143690 74198811256136049635030; 05815;","PAYPAL *LITRES 353143690","2.33","debit","Books","Fidelity Visa","",""
"9/14/2021","Online Chicago Il","PAYMENT-ONLINE CHICAGO IL","75.00","credit","Transfer","Alliant Visa","",""
"9/14/2021","Etsy.com","Etsy.com - DiggingDolls 718-8557955 NY","27.25","debit","Shopping","Alliant Visa","",""
"9/14/2021","REMOTE ONLINE DEPOSIT # 1 1","REMOTE ONLINE DEPOSIT #","123.32","credit","Income","Chase Checking","",""
"9/14/2021","CORNERSTONE 1 TIME DFT 0166 363754 WEB ID: 9DFT4","CORNERSTONE      1 TIME DFT 0166","9364.15","debit","Mortgage & Rent","Chase Checking","",""
"9/14/2021","PayPal","PAYPAL           INST XFER  GOOG","11.00","debit","Shopping","Chase Checking","",""
"9/14/2021","Amazon","AMZN Mktp US*2563I7WG2","21.61","debit","Shopping","Amazon Chase","",""
"9/13/2021","OUTSCHOOL HTTPSOUTSC 24492161255000020165640; 08299;","OUTSCHOOL HTTPSOUTSC","10.00","debit","Tuition","Fidelity Visa","",""
"9/13/2021","American Express","AMERICAN EXPRESS ACH PMT    W751","1000.00","debit","Transfer","Chase Checking","",""
"9/13/2021","EBATES CC EBT EPAY 4777 18031 WEB ID: 9130142001","EBATES CC        EBT EPAY   4777","451.50","debit","Transfer","Chase Checking","",""
"9/13/2021","Chase card ending in 7738 09/13","Payment to Chase card ending in","1100.00","debit","Transfer","Chase Checking","",""
"9/13/2021","REMOTE ONLINE DEPOSIT # 1 1","REMOTE ONLINE DEPOSIT #","75.00","credit","Transfer","Chase Checking","",""
"9/13/2021","Amazon","AMZN Mktp US*2G5G411X0","50.46","debit","Shopping","Amazon Chase","",""
"9/13/2021","Payment Thank You - Web","Payment Thank You - Web","1100.00","credit","Transfer","Amazon Chase","",""
"9/12/2021","- THANK YOU","ONLINE PAYMENT - THANK YOU","1000.00","credit","Transfer","AmEx Blue Cash","",""
"9/12/2021","Big 5 Sporting","BIG 5 SPORTING GOODS 315 MONROE WA","30.00","debit","Sporting Goods","Alliant Visa","",""
"9/12/2021","NORDRACKCOM8889666283 888-966-6283 CA","NORDRACKCOM8889666283 888-966-6283 CA","51.02","debit","Entertainment","Alliant Visa","",""
"9/12/2021","CHEWY.COM 800-672-4399 FL","CHEWY.COM 800-672-4399 FL","102.08","debit","Pet Food & Supplies","Alliant Visa","",""
"9/12/2021","Walgreens","WALGREENS #13770 WOODINVILLE WA","70.00","debit","Pharmacy","Alliant Visa","",""
"9/12/2021","Apple","APPLE.COM/BILL 866-712-7753 CA","38.80","debit","Gaming","Alliant Visa","",""
"9/12/2021","Amazon","AMZN Mktp US*2G69V71T1","38.03","debit","Shopping","Amazon Chase","",""
"9/12/2021","Amazon","AMZN Mktp US*2G6QI7TT0","4.34","debit","Shopping","Amazon Chase","",""
"9/12/2021","Amazon","AMZN Mktp US*254796SP2","55.27","debit","Shopping","Amazon Chase","",""
"9/11/2021","Instacart","COSTCO BY INSTACART HTTPSINSTACARCA","139.72","debit","Groceries","Costco Visa","",""
"9/11/2021","McDonald's","MCDONALD'S F24432 SULTAN WA","5.33","debit","Fast Food","Costco Visa","",""
"9/11/2021","FRED M FUEL #9210 MONROE WA","FRED M FUEL #9210 MONROE WA","30.68","debit","Gas & Fuel","Costco Visa","",""
"9/10/2021","RENEWAL MEMBERSHIP FEE","RENEWAL MEMBERSHIP FEE","95.00","debit","Service Fee","AmEx Blue Cash","",""
"9/10/2021","Trader Joe's","TRADER JOE'S #132  QKIRKLAND            WA","85.97","debit","Groceries","AmEx Blue Cash","",""
"9/10/2021","Whole Foods","WHOLEFDS KRK#10655 0KIRKLAND            WA","70.22","debit","Groceries","AmEx Blue Cash","",""
"9/10/2021","ABC*425 FITNESS 888-82792 24906411252129842783561; 07997;","ABC*425 FITNESS 888-82792","32.02","debit","Gym","Fidelity Visa","",""
"9/10/2021","OUTSCHOOL HTTPSOUTSC 24492161252000029598349; 08299;","OUTSCHOOL HTTPSOUTSC","10.00","debit","Tuition","Fidelity Visa","",""
"9/10/2021","Smith Brothers Farms, Inc.","SMITH BROTHERS FARMS 877-64556","12.77","debit","Groceries","Fidelity Visa","",""
"9/10/2021","GRNCHEF208495651 888-236-7295 CO","GRNCHEF208495651 888-236-7295 CO","70.78","debit","Groceries","Alliant Visa","",""
"9/10/2021","NORDRACKCOM8889666283 888-966-6283 CA","NORDRACKCOM8889666283 888-966-6283 CA","38.01","debit","Kids Activities","Alliant Visa","",""
"9/10/2021","CENTRAL LOAN ADM 1 TIME DFT 0160 381182 TEL ID: 9DFT4","CENTRAL LOAN ADM 1 TIME DFT 0160","39906.62","debit","Mortgage & Rent","Chase Checking","",""
"9/09/2021","NORDRACKCOM8889666283 888-966-6283 CA","NORDRACKCOM8889666283 888-966-6283 CA","10.26","debit","Kids Activities","Alliant Visa","",""
"9/09/2021","HM.COM 855-4667467 NY","HM.COM 855-4667467 NY","86.94","debit","Utilities","Alliant Visa","",""
"9/09/2021","CORNERSTONE 1 TIME DFT 0166 363754 WEB ID: 9DFT4","CORNERSTONE      1 TIME DFT 0166","22000.00","debit","Mortgage & Rent","Chase Checking","",""
"9/09/2021","CITI CARD ONLINE PAYMENT 4305 32745302658 WEB ID: CITICTP","CITI CARD ONLINE PAYMENT    4305","6915.24","debit","Transfer","Chase Checking","",""
"9/09/2021","Amazon Music","Amazon Music*252R52H12","4.34","debit","Music","Amazon Chase","",""
"9/08/2021","TOMSCOM 402-935-7 24492151250894770057288; 05661;","PAYPAL *TOMSCOM 402-935-7","39.09","debit","Shopping","Fidelity Visa","",""
"9/08/2021","ABC*425 FITNESS 888-82792 24906411250129701520049; 07997;","ABC*425 FITNESS 888-82792","27.60","debit","Gym","Fidelity Visa","",""
"9/08/2021","Google Fi","GOOGLE* Google Fi 650-25300","128.75","debit","Mobile Phone","Fidelity Visa","",""
"9/08/2021","ONLINE PAYMENT, THANK YOU","ONLINE PAYMENT, THANK YOU","6915.24","credit","Transfer","Costco Visa","",""
"9/08/2021","Amazon","AMZN Mktp US*2G8YO4LA1","30.38","debit","Shopping","Amazon Chase","",""
"9/08/2021","Chase card ending in 5822 09/08","Payment to Chase card ending in","54.00","debit","Transfer","Chase Checking","",""
"9/08/2021","Alliant CU Visa WEBSERVPMT 9097 00000833920 WEB ID: 989765489","Alliant CU Visa  WEBSERVPMT 9097","747.00","debit","Transfer","Chase Checking","",""
"9/08/2021","CARDMEMBER SERV WEB payment **** *******7538 WEB ID: 5911111111","CARDMEMBER SERV  WEB PYMT   ****","1300.00","debit","Transfer","Chase Checking","",""
"9/08/2021","Payment Thank You - Web","Payment Thank You - Web","54.00","credit","Transfer","Chase Freedom","",""
"9/07/2021","Safeway","SAFEWAY #0533 0533  WOODINVILLE         WA","55.51","debit","Groceries","AmEx Blue Cash","",""
"9/07/2021","BANFIELD-PET*WPPAYMENT 360-784-5 24493981248083031280921; 05968;","BANFIELD-PET*WPPAYMENT 360-784-5","51.95","debit","Veterinary","Fidelity Visa","",""
"9/07/2021","PAYMENT THANK YOU INTERNET; 00000;","PAYMENT THANK YOU","1300.00","credit","Transfer","Fidelity Visa","",""
"9/07/2021","BANFIELD 0378 WOODINVILLE WA","BANFIELD 0378 WOODINVILLE WA","254.21","debit","Veterinary","Alliant Visa","",""
"9/07/2021","Outback","OUTBACK STEAKHOUSE 461 425-746-4647 WA","78.26","debit","Restaurants","Costco Visa","",""
"9/07/2021","Chips Via Citibank","CHIPS CREDIT VIA: CITIBANK N.A./","2100.00","credit","Income","Chase Checking","",""
"9/07/2021","Touchnet Web Ppd","TOUCHNET         WEB PYMT","2448.00","credit","Income","Chase Checking","",""
"9/07/2021","CENTRAL LOAN ADM LOAN PAYMT 0160 381182 WEB ID: 9DRAFTING","CENTRAL LOAN ADM LOAN PAYMT 0160","906.62","debit","Mortgage & Rent","Chase Checking","",""
"9/07/2021","DOMESTIC INCOMING WIRE FEE","DOMESTIC INCOMING WIRE FEE","15.00","debit","Fees & Charges","Chase Checking","",""
"9/06/2021","Elevated Sportz","ELEVATED SPORTS BOTHELL WA","3.31","debit","Entertainment","Alliant Visa","",""
"9/06/2021","ALOHA CAR WASH CO INC BOTHELL WA","ALOHA CAR WASH CO INC BOTHELL WA","17.68","debit","Service & Parts","Alliant Visa","",""
"9/05/2021","Whole Foods","WHOLEFDS KRK#10655 0KIRKLAND            WA","58.06","debit","Groceries","AmEx Blue Cash","",""
"9/05/2021","Home Depot","THE HOME DEPOT #4712 BOTHELL WA","48.01","debit","Home Improvement","Alliant Visa","",""
"9/05/2021","Etsy.com","Etsy.com - CobbleCreekMin718-8557955 NY","19.41","debit","Shopping","Alliant Visa","",""
"9/05/2021","Apple","APPLE.COM/BILL 866-712-7753 CA","12.92","debit","Gaming","Alliant Visa","",""
"9/05/2021","Online Chicago Il","PAYMENT-ONLINE CHICAGO IL","747.00","credit","Transfer","Alliant Visa","",""
"9/05/2021","USA*VEND EVERETT WA","USA*VEND EVERETT WA","5.00","debit","Fast Food","Alliant Visa","",""
"9/05/2021","State Farm","STATE FARM INSURANCE 800-956-6310 IL","747.00","debit","Auto Insurance","Alliant Visa","",""
"9/03/2021","Smith Brothers Farms, Inc.","SMITH BROTHERS FARMS 877-64556","20.96","debit","Groceries","Fidelity Visa","",""
"9/03/2021","GRNCHEF*208722271 888-236-7295 CO","GRNCHEF*208722271 888-236-7295 CO","70.78","debit","Groceries","Alliant Visa","",""
"9/03/2021","RGP*Washington Tree 888-3623626 WA","RGP*Washington Tree 888-3623626 WA","146.78","debit","Home Services","Alliant Visa","",""
"9/03/2021","Moon Palace Sunrise 800-4049882 FL","Moon Palace Sunrise 800-4049882 FL","3457.62","debit","Hotel","Costco Visa","",""
"9/03/2021","Moon Palace Sunrise 800-4049882 FL","Moon Palace Sunrise 800-4049882 FL","3457.62","debit","Hotel","Costco Visa","",""
"9/03/2021","E*TRADE ACH TRNSFR PPD ID: 1391321258","E*TRADE          ACH TRNSFR","74400.01","credit","Transfer","Chase Checking","",""
"9/02/2021","Spotify","SPOTIFY USA         NEW YORK","17.38","debit","Internet","AmEx Blue Cash","",""
"9/02/2021","Safeway","SAFEWAY #0533 0533  WOODINVILLE         WA","64.46","debit","Groceries","AmEx Blue Cash","",""
"9/02/2021","BANFIELD 0378 WOODINVIL 24493981245400267000166; 00742;","BANFIELD 0378 WOODINVIL","47.41","debit","Veterinary","Fidelity Visa","",""
"9/02/2021","RING.COM* RING YEARLY HTTPSRING. 24492161244000037873347; 05045;","RING.COM* RING YEARLY HTTPSRING.","32.61","debit","Home Services","Fidelity Visa","",""
"9/02/2021","State Farm","STATE FARM INSURANCE 800-956-6310 IL","820.12","debit","Auto Insurance","Alliant Visa","",""
"9/02/2021","YOU NEED A BUDGET 801-6109169 UT","YOU NEED A BUDGET 801-6109169 UT","83.99","debit","Electronics & Software","Alliant Visa","",""
"9/02/2021","Diamond Parking","DIAMOND PARKING WU058 SEATTLE WA","3.69","debit","Parking","Alliant Visa","",""
"9/02/2021","Costco Gas","COSTCO GAS #0747 WOODINVILLE WA","43.90","debit","Gas & Fuel","Costco Visa","",""
"9/02/2021","Amazon","Amazon Tips*250I16691","7.00","debit","Shopping","Amazon Chase","",""
"9/01/2021","RIDWELL HTTPSWWW.R 24011341243000044871889; 04789;","RIDWELL HTTPSWWW.R","9.00","debit","Misc Expenses","Fidelity Visa","",""
"9/01/2021","PETITEBLISS 402-935-7 24492151243894375542379; 05462;","PAYPAL *PETITEBLISS 402-935-7","50.00","debit","Shopping","Fidelity Visa","",""
"9/01/2021","Amazon","Amazon.com*252IV2BI1","100.17","debit","Shopping","Amazon Chase","",""
"9/01/2021","Amazon","AMZN Mktp US*2572V0541","23.90","debit","Shopping","Amazon Chase","",""
"9/01/2021","Audible.com","Audible*250HD9OP2","8.64","debit","Books","Amazon Chase","",""
"9/01/2021","Amazon","AMZN Mktp US*251I225R0","15.21","debit","Shopping","Amazon Chase","",""
"9/01/2021","Amazon","AMZN Mktp US*255TI0B70","21.73","debit","Shopping","Amazon Chase","",""
"9/01/2021","CORNERSTONE LOAN PAYMT 0166 363754 WEB ID: 9DRAFTING","CORNERSTONE      LOAN PAYMT 0166","4091.58","debit","Mortgage & Rent","Chase Checking","",""
"9/01/2021","Online Transfer 12400428992 to A mex High Yield Savings Acct ########5387 transaction #: 12400428992","Online Transfer 12400428992 to A","100.00","debit","Transfer","Chase Checking","",""
"8/31/2021","DEPOSIT DIVIDEND Annual Percentage Yield Earned 0.55% for period from 08/01/21 thru 08/31/21 Based o","DEPOSIT DIVIDEND Annual Percentage Yield Earned 0.55% for period from 08/01/21 thru 08/31/21 Based on Average Daily Balance of: 21,467.73","10.01","credit","Investments","Alliant Savings","",""
"8/31/2021","Apple","APPLE.COM/BILL 408-974-1010 CA","5.38","debit","Gaming","Alliant Visa","",""
"8/31/2021","Walgreens","WALGREENS #6614 BOTHELL WA","27.74","debit","Pharmacy","Alliant Visa","",""
"8/31/2021","Online Chicago Il","PAYMENT-ONLINE CHICAGO IL","820.12","credit","Transfer","Alliant Visa","",""
"8/31/2021","KIDSCLUBSPA 35314369001 ES","PAYPAL *KIDSCLUBSPA 35314369001 ES","180.00","debit","Shopping","Alliant Visa","",""
"8/31/2021","Instacart","COSTCO BY INSTACART HTTPSINSTACARCA","162.17","debit","Groceries","Costco Visa","",""
"8/31/2021","Amazon","AMZN Mktp US*254HI0MF1","26.63","debit","Shopping","Amazon Chase","",""
"8/31/2021","Woot LLC","AMZ*Woot LLC","55.98","debit","Clothing","Amazon Chase","",""
"8/31/2021","109-SFDC GOVT PAYROLL PPD ID: 8359988345","109-SFDC GOVT    PAYROLL","6000.83","credit","Paycheck","Chase Checking","",""
"8/31/2021","REMOTE ONLINE DEPOSIT # 1 1","REMOTE ONLINE DEPOSIT #","20.58","credit","Transfer","Chase Checking","",""
"8/31/2021","Alliant CU Visa WEBSERVPMT 9097 00000833920 WEB ID: 989765489","Alliant CU Visa  WEBSERVPMT 9097","700.00","debit","Transfer","Chase Checking","",""
"8/31/2021","OOOTELEKANA","PAYPAL *OOOTELEKANA","54.00","debit","Charity","Chase Freedom","",""
"8/30/2021","Safeway","SAFEWAY #0535 0535  BOTHELL             WA","32.05","debit","Groceries","AmEx Blue Cash","",""
"8/30/2021","WEAVORKS 402-935-7 24492151241852308429736; 05712;","PAYPAL *WEAVORKS 402-935-7","105.65","debit","Shopping","Fidelity Visa","",""
"8/30/2021","OUTSCHOOL HTTPSOUTSC 24492151241637780954966; 08299;","OUTSCHOOL HTTPSOUTSC","15.00","debit","Tuition","Fidelity Visa","",""
"8/30/2021","OUTSCHOOL HTTPSOUTSC 24492151241637779315021; 08299;","OUTSCHOOL HTTPSOUTSC","17.00","debit","Tuition","Fidelity Visa","",""
"8/30/2021","FRGN TRANS FEE-SUPPORT_MDZ 74609051241000008052799; 00000;","FRGN TRANS FEE-SUPPORT_MDZ","0.20","debit","Fees & Charges","Fidelity Visa","",""
"8/30/2021","OUTSCHOOL HTTPSOUTSC 24492161241000022838795; 08299;","OUTSCHOOL HTTPSOUTSC","12.00","debit","Tuition","Fidelity Visa","",""
"8/30/2021","SUPPORT_MDZ RIGA 74609051241000008052799; 05815;","SUPPORT_MDZ RIGA","20.00","debit","Entertainment","Fidelity Visa","",""
"8/30/2021","Sirius Radio","SXM*SIRIUSXM.COM/ACCT 888-635-5","6.06","debit","Music","Fidelity Visa","",""
"8/30/2021","DEPOSIT ONLINE BANKING TRANSFER FROM SHARE 40","DEPOSIT ONLINE BANKING TRANSFER FROM SHARE 40","177.35","credit","Transfer","Alliant Savings","",""
"8/30/2021","WITHDRAWAL ACH ALLIANT CU VISA TYPE: WEBSERVPMT ID: 989765489 CO: Alliant CU Visa","WITHDRAWAL ACH ALLIANT CU VISA TYPE: WEBSERVPMT ID: 989765489 CO: Alliant CU Visa","143.13","debit","Transfer","Alliant Savings","",""
"8/30/2021","Online Chicago Il","PAYMENT-ONLINE CHICAGO IL","700.00","credit","Transfer","Alliant Visa","",""
"8/30/2021","Apple","APPLE.COM/BILL 866-712-7753 CA","17.22","debit","Gaming","Alliant Visa","",""
"8/30/2021","Costco Gas","COSTCO GAS #0747 WOODINVILLE WA","76.73","debit","Gas & Fuel","Costco Visa","",""
"8/30/2021","CITI CARD ONLINE PAYMENT 4205 22357285527 WEB ID: CITICTP","CITI CARD ONLINE PAYMENT    4205","1200.00","debit","Transfer","Chase Checking","",""
"8/30/2021","PayPal","PAYPAL           INST XFER  VEND","6.00","debit","Shopping","Chase Checking","",""
"8/30/2021","TJX","TJX Rewards MC   TJX EPAY   4651","60.47","debit","Clothing","Chase Checking","",""
"8/30/2021","PayPal","PAYPAL           INST XFER  GOOG","11.00","debit","Shopping","Chase Checking","",""
"8/29/2021","RGP*Washington Tree 888-3623626 WA","RGP*Washington Tree 888-3623626 WA","176.10","debit","Home Services","Alliant Visa","",""
"8/29/2021","Amazon","Amazon.com*2D9U35RN2","25.17","debit","Shopping","Amazon Chase","",""
"8/29/2021","Amazon","AMZN Mktp US*251H161R1","40.21","debit","Shopping","Amazon Chase","",""
"8/29/2021","Amazon","AMZN Mktp US*2D7WQ19K2","24.22","debit","Shopping","Amazon Chase","",""
"8/29/2021","Amazon","AMZN Mktp US*256VN2JK0","20.44","debit","Shopping","Amazon Chase","",""
"8/27/2021","Safeway","SAFEWAY #0533 0533  WOODINVILLE         WA","93.16","debit","Groceries","AmEx Blue Cash","",""
"8/27/2021","Evgrnhlth Bothell","EVGRNHLTH-BOTHELL 877216075","15.00","credit","Transfer","Fidelity Visa","",""
"8/27/2021","Smith Brothers Farms, Inc.","SMITH BROTHERS FARMS 877-64556","14.47","debit","Groceries","Fidelity Visa","",""
"8/27/2021","Online Chicago Il","PAYMENT-ONLINE CHICAGO IL","143.13","credit","Transfer","Alliant Visa","",""
"8/27/2021","ONLINE PAYMENT, THANK YOU","ONLINE PAYMENT, THANK YOU","1200.00","credit","Transfer","Costco Visa","",""
"8/27/2021","Amazon","Amazon.com*251W72AP1","14.90","debit","Shopping","Amazon Chase","",""
"8/27/2021","Prime Video*251GL03D0","Prime Video*251GL03D0","3.25","debit","Movies & DVDs","Amazon Chase","",""
"8/27/2021","Online Transfer 12468887372 to A lliant Checking #######6892 transaction #: 12468887372 08/27","Online Transfer 12468887372 to A","177.35","debit","Transfer","Chase Checking","",""
"8/27/2021","PayPal","PAYPAL           INST XFER  GOOG","14.30","debit","Shopping","Chase Checking","",""
"8/27/2021","salesforce.com, EDI PYMNTS 8888 88812584360 CCD ID: 1943320693","salesforce.com,  EDI PYMNTS 8888","143.13","credit","Income","Chase Checking","",""
"8/26/2021","HP Instant Ink","HP *INSTANT INK 855-785-2","3.25","debit","Printing","Fidelity Visa","",""
"8/26/2021","Apple","APPLE.COM/BILL 866-712-7753 CA","35.49","debit","Gaming","Alliant Visa","",""
"8/26/2021","Apple","APPLE.COM/BILL 866-712-7753 CA","39.84","debit","Gaming","Alliant Visa","",""
"8/26/2021","Wal-Mart","WALMART.COM AT 800-966-6546 AR","77.00","debit","Shopping","Alliant Visa","",""
"8/26/2021","ALGOEXPERT LLC HTTPSWWW.ALGONV","ALGOEXPERT LLC HTTPSWWW.ALGONV","142.00","debit","Charity","Alliant Visa","",""
"8/26/2021","Amazon","AMZN Mktp US*253OE8N21","70.40","debit","Shopping","Amazon Chase","",""
"8/26/2021","Amazon","Amazon.com*259KH7NE1","16.29","debit","Shopping","Amazon Chase","",""
"8/25/2021","Netflix","NETFLIX.COM         866-579-7172        CA","15.46","debit","Internet","AmEx Blue Cash","",""
"8/25/2021","RIDWELL HTTPSWWW.R 24011341236000043529990; 04789;","RIDWELL HTTPSWWW.R","16.00","debit","Shopping","Fidelity Visa","",""
"8/25/2021","NY TIMES NYTIME 402-935-7733 NY","PAYPAL *NY TIMES NYTIME 402-935-7733 NY","4.00","debit","Newspapers & Magazines","Alliant Visa","",""
"8/25/2021","USPS","USPS.COM POSTAL STORE 800-782-6724 MO","71.65","debit","Shipping","Alliant Visa","",""
"8/25/2021","Etsy.com","Etsy.com - CobbleCreekMin718-8557955 NY","25.84","debit","Shopping","Alliant Visa","",""
"8/25/2021","Office Depot","OFFICE DEPOT 1135 FREMONT CA","31.37","debit","Office Supplies","Alliant Visa","",""
"8/25/2021","NY TIMES NYTIME 402-935-7733 NY","PAYPAL *NY TIMES NYTIME 402-935-7733 NY","4.00","debit","Newspapers & Magazines","Alliant Visa","",""
"8/25/2021","USPS","USPS.COM POSTAL STORE 800-782-6724 MO","71.65","debit","Shipping","Alliant Visa","",""
"8/25/2021","Amazon","AMZN Mktp US*2D93H5Y30","26.08","debit","Shopping","Amazon Chase","",""
"8/24/2021","Whole Foods","WHOLEFDS KRK#10655 0KIRKLAND            WA","79.54","debit","Groceries","AmEx Blue Cash","",""
"8/24/2021","Etsy.com","Etsy.com - CobbleCreekMin718-8557955 NY","38.57","debit","Shopping","Alliant Visa","",""
"8/24/2021","McDonald's","MCDONALD'S F3317 KIRKLAND WA","6.49","debit","Fast Food","Costco Visa","",""
"8/24/2021","Amazon","AMZN Mktp US*2D27W7502","16.24","debit","Shopping","Amazon Chase","",""
"8/23/2021","Nationwide","NATIONWIDE PET INS 800-872-7","107.88","debit","Pets","Fidelity Visa","",""
"8/23/2021","OUTSCHOOL HTTPSOUTSC 24492151234637692092060; 08299;","OUTSCHOOL HTTPSOUTSC","29.00","debit","Tuition","Fidelity Visa","",""
"8/23/2021","Hulu","HLU*Hulu 1032760688727 HULU.COM/","22.09","debit","Internet","Fidelity Visa","",""
"8/23/2021","Comcast","COMCAST CABLE COMM 800-COMCA","92.30","debit","Internet","Fidelity Visa","",""
"8/23/2021","DEPOSIT ACH FID BKG SVC LLC TYPE: MONEYLINE ID: 1035141375 CO: FID BKG SVC LLC","DEPOSIT ACH FID BKG SVC LLC TYPE: MONEYLINE ID: 1035141375 CO: FID BKG SVC LLC","99.43","credit","Income","Alliant Savings","",""
"8/23/2021","Apple","APPLE.COM/BILL 866-712-7753 CA","18.27","debit","Gaming","Alliant Visa","",""
"8/23/2021","Payment Thank You - Web","Payment Thank You - Web","600.00","credit","Transfer","Amazon Chase","",""
"8/23/2021","Venmo","VENMO            PAYMENT    1015","20.00","debit","Transfer","Chase Checking","",""
"8/23/2021","REMOTE ONLINE DEPOSIT # 1 1","REMOTE ONLINE DEPOSIT #","4471.89","credit","Income","Chase Checking","",""
"8/23/2021","Chase card ending in 7738 08/23","Payment to Chase card ending in","600.00","debit","Transfer","Chase Checking","",""
"8/23/2021","REMOTE ONLINE DEPOSIT # 1 1","REMOTE ONLINE DEPOSIT #","34.22","credit","Transfer","Chase Checking","",""
"8/22/2021","Safeway","SAFEWAY #0533 0533  WOODINVILLE         WA","49.12","debit","Groceries","AmEx Blue Cash","",""
"8/22/2021","PCC NATURAL MARKET REDMOND WA","PCC NATURAL MARKET  REDMOND             WA","86.00","debit","Groceries","AmEx Blue Cash","",""
"8/22/2021","eBay","eBay O*18-07496-83172 408-3766151 CA","15.98","debit","Shopping","Alliant Visa","",""
"8/22/2021","eBay","eBay O*18-07496-83171 408-3766151 CA","6.39","debit","Shopping","Alliant Visa","",""
"8/22/2021","EUROPEAN DELI & PRODUCE KIRKLAND WA","EUROPEAN DELI & PRODUCE KIRKLAND WA","4.99","debit","Groceries","Alliant Visa","",""
"8/22/2021","Aquarium Co-Op","SP * AQUARIUM CO-OP 120-65332281 WA","123.55","debit","Entertainment","Alliant Visa","",""
"8/22/2021","Amazon","Amazon.com*2D89Q8RS1","21.90","debit","Shopping","Amazon Chase","",""
"8/22/2021","Amazon","AMZN Mktp US*2D09L0R61","19.56","debit","Shopping","Amazon Chase","",""
"8/22/2021","Julian Bakery In","AMZ*Julian Bakery In","35.99","debit","Restaurants","Amazon Chase","",""
"8/21/2021","JOHN HOWIE STEAK BELLEVUE WA","JOHN HOWIE STEAK BELLEVUE WA","162.63","debit","Restaurants","Costco Visa","",""
"8/21/2021","Costco","COSTCO WHSE #0747 WOODINVILLE WA","324.17","debit","Groceries","Costco Visa","",""
"8/21/2021","Zeeks Pizza","ZEEKS PIZZA WOODINVILLE 425-375-3923 WA","56.71","debit","Restaurants","Costco Visa","",""
"8/21/2021","Shake Shack","SHAKE SHACK - 1230A 646-747-7178 WA","16.39","debit","Fast Food","Costco Visa","",""
"8/20/2021","Your Cash Reward","YOUR CASH REWARD/REFUND IS","62.31","credit","Transfer","AmEx Blue Cash","",""
"8/20/2021","QFC","QFC #5894 000000894 KIRKLAND            WA","19.29","debit","Groceries","AmEx Blue Cash","",""
"8/20/2021","QFC","QFC #5894 000000894 KIRKLAND            WA","3.07","debit","Groceries","AmEx Blue Cash","",""
"8/20/2021","Etsy.com","Etsy.com - CobbleCreekMin718-8557955 NY","10.86","debit","Shopping","Alliant Visa","",""
"8/20/2021","REDSHELF ETEXTBOOKS HTTPSREDSHELFIL","REDSHELF ETEXTBOOKS HTTPSREDSHELFIL","41.86","debit","Books & Supplies","Alliant Visa","",""
"8/20/2021","Home Depot","THE HOME DEPOT #4712 BOTHELL WA","40.88","debit","Home Improvement","Alliant Visa","",""
"8/20/2021","Home Depot","THE HOME DEPOT #4712 BOTHELL WA","219.10","debit","Home Improvement","Alliant Visa","",""
"8/20/2021","Amazon","Amazon.com*2D2939E32","8.94","debit","Shopping","Amazon Chase","",""
"8/20/2021","Amazon","Amazon.com*2D08M02C1","12.99","debit","Shopping","Amazon Chase","",""
"8/20/2021","Internal Revenue Service","IRS              USATAXPYMT 2221","10000.00","debit","Federal Tax","Chase Checking","",""
"8/19/2021","Shoes.com","SHOES.COM 888-200- CREDIT","65.17","credit","Clothing","Alliant Visa","",""
"8/19/2021","Playstation Network","PlaystationNetwork 800-3457669 CA","4.42","debit","Entertainment","Alliant Visa","",""
"8/19/2021","Amazon","AMZN Mktp US*2D5C43DR1","5.36","debit","Shopping","Amazon Chase","",""
"8/19/2021","Amazon","AMZN Mktp US*2D3YS1HO0","18.47","debit","Shopping","Amazon Chase","",""
"8/19/2021","Amazon","Amazon.com*2D28A8D41","80.42","debit","Shopping","Amazon Chase","",""
"8/18/2021","Whole Foods","WHOLEFDS KRK#10655 0KIRKLAND            WA","77.89","debit","Groceries","AmEx Blue Cash","",""
"8/18/2021","Trader Joe's","TRADER JOE'S #132  QKIRKLAND            WA","68.73","debit","Groceries","AmEx Blue Cash","",""
"8/18/2021","DEPOSIT ACH TYPE: TRANSFER ID: JPMORGAN CHASE DFI ACCT: xx22338 ACH WEB XFER","DEPOSIT ACH TYPE: TRANSFER ID: JPMORGAN CHASE DFI ACCT: xx22338 ACH WEB XFER","2000.00","credit","Transfer","Alliant Savings","",""
"8/18/2021","DEPOSIT ACH ALLIANT CU TYPE: CASHBACK ID: 0271081528 CO: ALLIANT CU","DEPOSIT ACH ALLIANT CU TYPE: CASHBACK ID: 0271081528 CO: ALLIANT CU","98.00","credit","Income","Alliant Savings","",""
"8/18/2021","Apple","APPLE.COM/BILL 866-712-7753 CA","12.90","debit","Gaming","Alliant Visa","",""
"8/18/2021","Chevron","CHEVRON 0094964 WOODINVILLE WA","3.50","debit","Gas & Fuel","Alliant Visa","",""
"8/18/2021","LITRES 35314369001 IE","PAYPAL *LITRES 35314369001 IE","11.98","debit","Books","Alliant Visa","",""
"8/18/2021","JCPenney","JCPENNEY.COM JCPENNEY.COM NV","45.27","debit","Clothing","Alliant Visa","",""
"8/18/2021","Amazon","AMZN Mktp US*2D4TM4N92","14.55","debit","Shopping","Amazon Chase","",""
"8/18/2021","ALLIANT CU XFER S002 49816890001 WEB ID: 0271081528","ALLIANT CU       XFER       S002","2000.00","debit","Transfer","Chase Checking","",""
"8/17/2021","Safeway","SAFEWAY #0533 0533  WOODINVILLE         WA","31.08","debit","Groceries","AmEx Blue Cash","",""
"8/17/2021","WITHDRAWAL ACH ALLIANT CU VISA TYPE: WEBSERVPMT ID: 989765489 CO: Alliant CU Visa","WITHDRAWAL ACH ALLIANT CU VISA TYPE: WEBSERVPMT ID: 989765489 CO: Alliant CU Visa","2000.00","debit","Transfer","Alliant Savings","",""
"8/17/2021","ADT Security","ADT SECURITY*403797703 WWW.ADT.COM FL","67.38","debit","Home Services","Alliant Visa","",""
"8/17/2021","McDonald's","MCDONALD'S F5795 WOODINVILLE WA","6.48","debit","Fast Food","Costco Visa","",""
"8/17/2021","Rush In Alaskan Dumplings LLC","SQ *RUSH IN ALASKAN DUMPLKirkland WA","76.14","debit","Restaurants","Costco Visa","",""
"8/17/2021","Amazon","Amazon.com*2D23Q3PA0","30.35","debit","Shopping","Amazon Chase","",""
"8/17/2021","Amazon","AMZN Mktp US*2D1RF35V1","43.47","debit","Shopping","Amazon Chase","",""
"8/17/2021","Amazon","AMZN Mktp US*2D0HZ54E2","27.33","debit","Shopping","Amazon Chase","",""
"8/17/2021","ATM CASH DEPOSIT 08/17 13425 NE 175TH ST WOODINVILLE WA","ATM CASH DEPOSIT 08/17 13425 NE","6600.00","credit","Income","Chase Checking","",""
"8/17/2021","ATM WITHDRAWAL 008278 08/1713425 NE","ATM WITHDRAWAL","200.00","debit","Cash & ATM","Chase Checking","",""
"8/17/2021","Online Transfer 12298106175 to A mex High Yield Savings Acct ########5387 transaction #: 12298106175","Online Transfer 12298106175 to A","100.00","debit","Transfer","Chase Checking","",""
"8/17/2021","ATM CASH DEPOSIT 08/17 13425 NE 175TH ST WOODINVILLE WA","ATM CASH DEPOSIT 08/17 13425 NE","1400.00","credit","Income","Chase Checking","",""
"8/16/2021","OUTSCHOOL HTTPSOUTSC 24492161227000019424847; 08299;","OUTSCHOOL HTTPSOUTSC","29.00","debit","Tuition","Fidelity Visa","",""
"8/16/2021","Online Chicago Il","PAYMENT-ONLINE CHICAGO IL","2000.00","credit","Transfer","Alliant Visa","",""
"8/16/2021","Inspire","MOSTRA INSPIRE MEDIA L WWW.MOSTRACOFCA","58.80","debit","Gifts & Donations","Alliant Visa","",""
"8/16/2021","PALACE ELITE RB USD CANCUN QROO MX","PALACE ELITE RB USD CANCUN QROO MX","246.45","debit","Vacation","Alliant Visa","",""
"8/16/2021","Lufthansa","LUFTHANSA 2202456011897NEW YORK NY","74.16","debit","Air Travel","Alliant Visa","",""
"8/16/2021","Home Depot","THE HOME DEPOT #4712 BOTHELL WA","15.91","debit","Home Improvement","Alliant Visa","",""
"8/16/2021","Home Depot","THE HOME DEPOT #4712 BOTHELL WA CREDIT","10.75","credit","Home Improvement","Alliant Visa","",""
"8/16/2021","Amazon","AMZN Mktp US*2D53P6VE1","40.21","debit","Shopping","Amazon Chase","",""
"8/16/2021","Amazon","AMZN Mktp US*2D21A81D0","23.90","debit","Shopping","Amazon Chase","",""
"8/16/2021","Amazon","Amazon Tips*2P2CJ6YA2","5.00","debit","Shopping","Amazon Chase","",""
"8/16/2021","Amazon","AMZN Mktp US*2D8TW8VQ1","4.33","debit","Shopping","Amazon Chase","",""
"8/16/2021","Audible.com","Audible*2D58R7AV0","13.03","debit","Books","Amazon Chase","",""
"8/16/2021","Alliant CU Visa WEBSERVPMT 9097 00000833920 WEB ID: 989765489","Alliant CU Visa  WEBSERVPMT 9097","2000.00","debit","Transfer","Chase Checking","",""
"8/16/2021","CITI CARD ONLINE PAYMENT 4205 10327129262 WEB ID: CITICTP","CITI CARD ONLINE PAYMENT    4205","1500.00","debit","Transfer","Chase Checking","",""
"8/16/2021","PayPal","PAYPAL           INST XFER  GOOG","1.09","debit","Shopping","Chase Checking","",""
"8/16/2021","PayPal","PAYPAL           INST XFER  GOOG","11.00","debit","Shopping","Chase Checking","",""
"8/16/2021","PayPal","PAYPAL           INST XFER  GOOG","11.00","debit","Shopping","Chase Checking","",""
"8/15/2021","SEATTLE METER PARKING 2066845226 WA","SEATTLE METER PARKING 2066845226 WA","0.33","debit","Parking","Alliant Visa","",""
"8/15/2021","GRNCHEF*209524961 888-236-7295 CO","GRNCHEF*209524961 888-236-7295 CO","49.96","debit","Groceries","Alliant Visa","",""
"8/15/2021","Apple","APPLE.COM/BILL 866-712-7753 CA","16.14","debit","Gaming","Alliant Visa","",""
"8/15/2021","SINGAPORE MATHS CLUB HTTPSSINGAPORWA","SINGAPORE MATHS CLUB HTTPSSINGAPORWA","375.00","debit","Doctor","Alliant Visa","",""
"8/15/2021","IKEA","IKEA.COM 392361739 888-434-4532 MD","172.79","debit","Furnishings","Alliant Visa","",""
"8/15/2021","SP * 518 KITCHEN HTTPSKETOMEALNY","SP * 518 KITCHEN HTTPSKETOMEALNY","168.79","debit","Groceries","Alliant Visa","",""
"8/15/2021","IPZLOBINDMI 402-935-7733 CA","PAYPAL *IPZLOBINDMI 402-935-7733 CA","5.56","debit","Hobbies","Alliant Visa","",""
"8/15/2021","IKEA","IKEA SEATLE RENTON WA","22.02","debit","Furnishings","Alliant Visa","",""
"8/15/2021","Home Depot","THE HOME DEPOT #4712 BOTHELL WA","30.08","debit","Home Improvement","Alliant Visa","",""
"8/15/2021","PetSmart","PETSMART # 0378 WOODENVILLE WA","64.00","debit","Pet Food & Supplies","Alliant Visa","",""
"8/15/2021","Target","TARGET 00011189 WOODINVILLE WA","10.89","debit","Shopping","Alliant Visa","",""
"8/15/2021","PetSmart","PETSMART # 0378 WOODENVILLE WA","43.65","debit","Pet Food & Supplies","Alliant Visa","",""
"8/15/2021","IKEA","IKEA.COM 392361739 888-434- CREDIT","172.79","credit","Furnishings","Alliant Visa","",""
"8/15/2021","YM*labirint g. Moskva RU","YM*labirint g. Moskva RU","89.62","debit","Shopping","Alliant Visa","",""
"8/15/2021","STIA PUBLIC PARKING SEATTLE WA","STIA PUBLIC PARKING SEATTLE WA","10.00","debit","Parking","Alliant Visa","",""
"8/15/2021","IKEA","IKEA.COM 392366358 888-434-4532 MD","97.78","debit","Furnishings","Alliant Visa","",""
"8/15/2021","Amazon","AMZN Mktp US*2P8QQ9I32","73.88","debit","Shopping","Amazon Chase","",""
"8/15/2021","Amazon","Amazon.com*2D4ZQ2G11","63.25","debit","Shopping","Amazon Chase","",""
"8/15/2021","Amazon","AMZN Mktp US*2P8S719S2","45.60","debit","Shopping","Amazon Chase","",""
"8/15/2021","Amazon","AMZN Mktp US*2D2YW7XJ1","14.12","debit","Shopping","Amazon Chase","",""
"8/15/2021","Amazon","Amazon.com*2D68G23M0","14.66","debit","Shopping","Amazon Chase","",""
"8/15/2021","Amazon","AMZN Mktp US*2D30L1TE0","19.56","debit","Shopping","Amazon Chase","",""
"8/14/2021","PCC NATURAL MARKET REDMOND WA","PCC NATURAL MARKET  REDMOND             WA","79.23","debit","Groceries","AmEx Blue Cash","",""
"8/14/2021","Costco Gas","COSTCO GAS #0747 WOODINVILLE WA","41.63","debit","Gas & Fuel","Costco Visa","",""
"8/14/2021","TST* MEDOR SEATTLE WA","TST* MEDOR SEATTLE WA","109.40","debit","Restaurants","Costco Visa","",""
"8/13/2021","Haggen","HAGGEN 3498 3498    WOODINVILLE         WA","22.61","debit","Groceries","AmEx Blue Cash","",""
"8/13/2021","Smith Brothers Farms, Inc.","SMITH BROTHERS FARMS 877-64556","13.47","debit","Groceries","Fidelity Visa","",""
"8/13/2021","Puget Sound Energy","PUGET SOUND ENERGY INC 425-454-6","139.15","debit","Utilities","Fidelity Visa","",""
"8/13/2021","Puget Sound Energy","PUGET SOUND ENERGY INC 425-454-6","14.41","debit","Utilities","Fidelity Visa","",""
"8/13/2021","OUTSCHOOL HTTPSOUTSC 24492151224637556748833; 08299;","OUTSCHOOL HTTPSOUTSC","15.00","debit","Tuition","Fidelity Visa","",""
"8/13/2021","Apple","APPLE.COM/BILL 866-712-7753 CA","53.89","debit","Gaming","Alliant Visa","",""
"8/13/2021","Online Chicago Il","PAYMENT-ONLINE CHICAGO IL","2000.00","credit","Transfer","Alliant Visa","",""
"8/13/2021","BENDROASTING.COM BENDROASTING.OR","BENDROASTING.COM BENDROASTING.OR","52.00","debit","Charity","Alliant Visa","",""
"8/13/2021","ONLINE PAYMENT, THANK YOU","ONLINE PAYMENT, THANK YOU","1500.00","credit","Transfer","Costco Visa","",""
"8/13/2021","Amazon","AMZN Mktp US*2P41797V2","46.73","debit","Shopping","Amazon Chase","",""
"8/13/2021","Amazon","AMZN Mktp US*2P0NO7KG2","45.63","debit","Shopping","Amazon Chase","",""
"8/13/2021","Amazon","Amazon.com*2P7KU3SJ2","9.76","debit","Shopping","Amazon Chase","",""
"8/13/2021","Amazon","AMZN Mktp US*2P2RX57P2","11.95","debit","Shopping","Amazon Chase","",""
"8/13/2021","Amazon","Amazon.com*2P3NP3KC2","201.14","debit","Shopping","Amazon Chase","",""
"8/13/2021","100-SFDC INC. PAYROLL PPD ID: 8359988345","100-SFDC INC.    PAYROLL","5990.44","credit","Paycheck","Chase Checking","",""
"8/13/2021","PayPal","PAYPAL           INST XFER  GOOG","11.00","debit","Shopping","Chase Checking","",""
"8/12/2021","- THANK YOU","ONLINE PAYMENT - THANK YOU","504.08","credit","Transfer","AmEx Blue Cash","",""
"8/12/2021","WASTE MGMT WM EZPAY 866-834-2 24943001223700813280611; 04900;","WASTE MGMT WM EZPAY 866-834-2","197.20","debit","Utilities","Fidelity Visa","",""
"8/12/2021","Life Is Art","LIFE IS A KICK STRIPE.COM WA","5.00","debit","Printing","Alliant Visa","",""
"8/12/2021","Life Is Art","LIFE IS A KICK STRIPE.COM WA","195.00","debit","Printing","Alliant Visa","",""
"8/12/2021","YouTube Videos g.co/helppay#CA","GOOGLE *YouTube Videos g.co/helppay#CA","4.39","debit","Movies & DVDs","Alliant Visa","",""
"8/12/2021","IKEA","IKEA.COM 388719840 888-434- CREDIT","104.31","credit","Furnishings","Alliant Visa","",""
"8/12/2021","Walgreens","WALGREENS #13770 WOODINVILLE WA","25.80","debit","Pharmacy","Alliant Visa","",""
"8/12/2021","DHMD gosq.com WA","SQ *DHMD gosq.com WA","176.00","debit","Hair","Alliant Visa","",""
"8/12/2021","The Big Fish Grill","TST* THE BIG FISH GRILL -425-281-5639 WA","98.82","debit","Restaurants","Costco Visa","",""
"8/12/2021","Amazon","Amazon Tips*2P19U1DG2","5.00","debit","Shopping","Amazon Chase","",""
"8/12/2021","Woot Llc","AMZ*Woot LLC","78.25","credit","Transfer","Amazon Chase","",""
"8/12/2021","Woot LLC","AMZ*Woot LLC","29.34","debit","Clothing","Amazon Chase","",""
"8/12/2021","American Express","AMERICAN EXPRESS ACH PMT    W576","504.08","debit","Transfer","Chase Checking","",""
"8/11/2021","WASTE MGMT WM EZPAY 866-834-2 24943001222700811175699; 04900;","WASTE MGMT WM EZPAY 866-834-2","58.13","debit","Utilities","Fidelity Visa","",""
"8/11/2021","WSFERRIES-BAINBRIDGE SEATTLE WA","WSFERRIES-BAINBRIDGE SEATTLE WA","20.40","debit","Public Transportation","Alliant Visa","",""
"8/11/2021","Specialty Eyecare Group Inc.","Specialty Eyecare Group KIRKLAND WA","49.00","debit","Eyecare","Alliant Visa","",""
"8/11/2021","JCPenney","JCPENNEY.COM 800-221- CREDIT","45.27","credit","Clothing","Alliant Visa","",""
"8/11/2021","Amazon","AMZN Mktp US","82.56","credit","Shopping","Amazon Chase","",""
"8/11/2021","Amazon","Amazon.com*2P1ZF58Q2","35.70","debit","Shopping","Amazon Chase","",""
"8/11/2021","Amazon","AMZN Mktp US*2P4BH4QX2","21.66","debit","Shopping","Amazon Chase","",""
"8/11/2021","TJX","TJX Rewards MC   TJX EPAY   4507","33.02","debit","Clothing","Chase Checking","",""
"8/11/2021","EBATES CC EBT EPAY 4507 93430 WEB ID: 9130142001","EBATES CC        EBT EPAY   4507","341.63","debit","Transfer","Chase Checking","",""
"8/10/2021","ABC*425 FITNESS 888-82792 24906411221127674604259; 07997;","ABC*425 FITNESS 888-82792","32.02","debit","Gym","Fidelity Visa","",""
"8/10/2021","Aramark","ARAMARK SOL DUC HOT SPRINPORT ANGELES WA","50.98","debit","Restaurants","Alliant Visa","",""
"8/10/2021","Aramark","ARAMARK SOL DUC HOT SPRIN360-3273583 WA","65.10","debit","Restaurants","Alliant Visa","",""
"8/10/2021","Apple","APPLE.COM/BILL 866-712-7753 CA","12.91","debit","Gaming","Alliant Visa","",""
"8/10/2021","Aramark","ARAMARK SOL DUC HOT SPRINPORT ANGELES WA","90.89","debit","Restaurants","Alliant Visa","",""
"8/10/2021","Costco","COSTCO WHSE #0747 WOODINVILLE WA","657.41","debit","Shopping","Costco Visa","",""
"8/10/2021","Costco","COSTCO WHSE #0747 WOODINVILLE WA","97.98","debit","Shopping","Costco Visa","",""
"8/10/2021","That's A Some Italian","THATS A SOME ITALIAN RIS POULSBO WA","80.00","debit","Restaurants","Costco Visa","",""
"8/10/2021","Costco Gas","COSTCO GAS #0747 WOODINVILLE WA","49.84","debit","Gas & Fuel","Costco Visa","",""
"8/10/2021","KIN DEE THAI BOTHELL KINDEEBOTHELLWA","KIN DEE THAI BOTHELL KINDEEBOTHELLWA","61.02","debit","Restaurants","Costco Visa","",""
"8/09/2021","OUTSCHOOL HTTPSOUTSC 24492161220000017275420; 08299;","OUTSCHOOL HTTPSOUTSC","29.00","debit","Tuition","Fidelity Visa","",""
"8/09/2021","ABC*425 FITNESS 888-82792 24906411219127556031187; 07997;","ABC*425 FITNESS 888-82792","27.60","debit","Gym","Fidelity Visa","",""
"8/09/2021","Google","GOOGLE *Google Fi g.co/helpp","111.32","debit","Mobile Phone","Fidelity Visa","",""
"8/09/2021","WSFERRIES-EDMONDS SEATTLE WA","WSFERRIES-EDMONDS SEATTLE WA","43.00","debit","Public Transportation","Alliant Visa","",""
"8/09/2021","Aramark","ARAMARK SOL DUC HOT SPRINPORT ANGELES WA PHONE NUMBER:  FOLIO NUMBER:  ARRIVE:  DEPART:","417.69","debit","Hotel","Costco Visa","",""
"8/09/2021","Amazon","Amazon.com*2P02259N0","14.78","debit","Shopping","Amazon Chase","",""
"8/09/2021","Amazon Music","Amazon Music*2P7W57YW1","4.34","debit","Music","Amazon Chase","",""
"8/09/2021","Chase card ending in 7738 08/09","Payment to Chase card ending in","1000.00","debit","Transfer","Chase Checking","",""
"8/09/2021","CENTRAL LOAN ADM 1 TIME DFT 0160 381182 WEB ID: 9DFT4","CENTRAL LOAN ADM 1 TIME DFT 0160","65000.00","debit","Mortgage & Rent","Chase Checking","",""
"8/09/2021","PayPal","PAYPAL           INST XFER  GOOG","11.00","debit","Shopping","Chase Checking","",""
"8/08/2021","Hallmark","HALLMARK COM HALLMARK.COM MO","74.97","debit","Gift","Alliant Visa","",""
"8/08/2021","JCPenney","JCPENNEY.COM JCPENNEY.COM NV","152.08","debit","Clothing","Alliant Visa","",""
"8/08/2021","Total Wine and More","TOTAL WINE AND MORE 14 https://www.fWA","91.76","debit","Alcohol & Bars","Alliant Visa","",""
"8/08/2021","Olympic National Park","OLYMPIC NATIONAL PARK PORT ANGELES WA","30.00","debit","Sports","Alliant Visa","",""
"8/08/2021","Aramark","ARAMARK SOL DUC HOT SPRINPORT ANGELES WA","110.50","debit","Vacation","Costco Visa","",""
"8/08/2021","Aramark","ARAMARK SOL DUC HOT SPRINPORT ANGELES WA","5.52","debit","Restaurants","Costco Visa","",""
"8/08/2021","Amazon","AMZN Mktp US*2P7FF89W1","83.56","debit","Shopping","Amazon Chase","",""
"8/08/2021","Payment Thank You - Web","Payment Thank You - Web","1000.00","credit","Transfer","Amazon Chase","",""
"8/08/2021","Amazon","AMZN Mktp US*2P7V95US1","152.17","debit","Shopping","Amazon Chase","",""
"8/07/2021","Safeway","SAFEWAY STORE       PORT ANGELES        WA","156.05","debit","Groceries","AmEx Blue Cash","",""
"8/07/2021","Costco Gas","COSTCO GAS #0747 WOODINVILLE WA","58.48","debit","Gas & Fuel","Costco Visa","",""
"8/07/2021","Kirkland's","SQ *BIBI KIRKLAND gosq.com WA","112.58","debit","Furnishings","Costco Visa","",""
"8/06/2021","BANFIELD-PET*WPPAYMENT 360-784-5 24493981217083012413068; 05968;","BANFIELD-PET*WPPAYMENT 360-784-5","38.95","debit","Veterinary","Fidelity Visa","",""
"8/06/2021","Smith Brothers Farms, Inc.","SMITH BROTHERS FARMS 877-64556","20.46","debit","Groceries","Fidelity Visa","",""
"8/06/2021","Apple","APPLE.COM/BILL 866-712-7753 CA","20.41","debit","Gaming","Alliant Visa","",""
"8/06/2021","USPS.COM STAMP FLMNT SVCS800-782-6724 MO","USPS.COM STAMP FLMNT SVCS800-782-6724 MO","11.00","debit","Doctor","Alliant Visa","",""
"8/06/2021","SC* STACKSOCIAL HTTPSWWW.STACCA","SC* STACKSOCIAL HTTPSWWW.STACCA","46.73","debit","Electronics & Software","Alliant Visa","",""
"8/06/2021","Total Wine and More","TOTAL WINE AND MORE 14 https://www.fWA","128.16","debit","Alcohol & Bars","Alliant Visa","",""
"8/06/2021","CITI CARD ONLINE PAYMENT 4305 03401766927 WEB ID: CITICTP","CITI CARD ONLINE PAYMENT    4305","600.00","debit","Transfer","Chase Checking","",""
"8/06/2021","CENTRAL LOAN ADM 1 TIME DFT 0160 381182 WEB ID: 9DFT4","CENTRAL LOAN ADM 1 TIME DFT 0160","100000.00","debit","Mortgage & Rent","Chase Checking","",""
"8/05/2021","- THANK YOU","ONLINE PAYMENT - THANK YOU","400.00","credit","Transfer","AmEx Blue Cash","",""
"8/05/2021","Etsy.com","Etsy.com - TheCuttingGard718-8557955 NY","6.09","debit","Shopping","Alliant Visa","",""
"8/05/2021","ONLINE PAYMENT, THANK YOU","ONLINE PAYMENT, THANK YOU","600.00","credit","Transfer","Costco Visa","",""
"8/05/2021","Amazon","Amazon Tips*2P7B81HF0","5.00","debit","Shopping","Amazon Chase","",""
"8/05/2021","American Express","AMERICAN EXPRESS ACH PMT    W135","400.00","debit","Transfer","Chase Checking","",""
"8/04/2021","Amazon","Amazon.com*2P7CF9VI0","55.84","debit","Shopping","Amazon Chase","",""
"8/04/2021","Amazon","AMZN Mktp US*2P8WM88S1","59.75","debit","Shopping","Amazon Chase","",""
"8/04/2021","Amazon","AMZN Mktp US*2P91V9QJ1","45.03","debit","Shopping","Amazon Chase","",""
"8/04/2021","CENTRAL LOAN ADM 1 TIME DFT 0160 381182 WEB ID: 9DFT4","CENTRAL LOAN ADM 1 TIME DFT 0160","1070.22","debit","Mortgage & Rent","Chase Checking","",""
"8/03/2021","PCC NATURAL MARKET REDMOND WA","PCC NATURAL MARKET  REDMOND             WA","75.23","debit","Groceries","AmEx Blue Cash","",""
"8/03/2021","EVERLYWELL DIAGNOSTICS HTTPSWWW.EVERTX","EVERLYWELL DIAGNOSTICS HTTPSWWW.EVERTX","39.20","debit","Doctor","Alliant Visa","",""
"8/03/2021","Walgreens","WALGREENS #6614 BOTHELL WA","5.83","debit","Pharmacy","Alliant Visa","",""
"8/03/2021","Midnight Cookie","SQ *MIDNIGHT COOKIE COMPAKirkland WA","7.68","debit","Restaurants","Costco Visa","",""
"8/03/2021","McDonald's","MCDONALD'S F3317 KIRKLAND WA","6.49","debit","Fast Food","Costco Visa","",""
"8/03/2021","Amazon","Amazon.com*2P5R020V0","72.84","debit","Shopping","Amazon Chase","",""
"8/03/2021","Amazon","Amazon.com*2P4XP21X0","6.84","debit","Shopping","Amazon Chase","",""
"8/03/2021","CENTRAL LOAN ADM 1 TIME DFT 0160 381182 WEB ID: 9DFT4","CENTRAL LOAN ADM 1 TIME DFT 0160","95000.00","debit","Mortgage & Rent","Chase Checking","",""
"8/03/2021","Amazon","PAYMENT FOR AMZ  STORECARD  4428","3.93","debit","Shopping","Chase Checking","",""
"8/03/2021","CARDMEMBER SERV WEB payment **** *******7538 WEB ID: 5911111111","CARDMEMBER SERV  WEB PYMT   ****","1300.00","debit","Transfer","Chase Checking","",""
"8/03/2021","BEAR CREEK HEIGH Assn Dues 2518 5344 WEB ID: HOAPAYMENT","BEAR CREEK HEIGH Assn Dues  2518","75.00","debit","Mortgage & Rent","Chase Checking","",""
"8/02/2021","Spotify","SPOTIFY USA         NEW YORK","17.43","debit","Internet","AmEx Blue Cash","",""
"8/02/2021","PAYMENT THANK YOU INTERNET; 00000;","PAYMENT THANK YOU","1300.00","credit","Transfer","Fidelity Visa","",""
"8/02/2021","Puget Sound Energy","PUGET SOUND ENERGY INC 425-454-6","11.52","debit","Utilities","Fidelity Visa","",""
"8/02/2021","OUTSCHOOL HTTPSOUTSC 24492161213000023560343; 08299;","OUTSCHOOL HTTPSOUTSC","12.00","debit","Tuition","Fidelity Visa","",""
"8/02/2021","OUTSCHOOL HTTPSOUTSC 24492151213637400931935; 08299;","OUTSCHOOL HTTPSOUTSC","17.00","debit","Tuition","Fidelity Visa","",""
"8/02/2021","International Deli","INTERNATIONAL DELI BOTHELL WA","58.21","debit","Groceries","Alliant Visa","",""
"8/02/2021","Apple","APPLE.COM/BILL 408-974-1010 CA","27.97","debit","Gaming","Alliant Visa","",""
"8/02/2021","Amazon","AMZN Mktp US*2P5VZ24I2","82.56","debit","Shopping","Amazon Chase","",""
"8/02/2021","Amazon","Amazon.com*2P8FW7LM2","9.66","debit","Shopping","Amazon Chase","",""
"8/02/2021","CITI CARD ONLINE PAYMENT 4304 99289975809 WEB ID: CITICTP","CITI CARD ONLINE PAYMENT    4304","1500.00","debit","Transfer","Chase Checking","",""
"8/02/2021","CORNERSTONE LOAN PAYMT 0166 363754 WEB ID: 9DRAFTING","CORNERSTONE      LOAN PAYMT 0166","4091.58","debit","Mortgage & Rent","Chase Checking","",""
"8/02/2021","Online Transfer 12178101820 to A mex High Yield Savings Acct ########5387 transaction #: 12178101820","Online Transfer 12178101820 to A","100.00","debit","Transfer","Chase Checking","",""
"8/02/2021","Chase card ending in 7738 08/02","Payment to Chase card ending in","1200.00","debit","Transfer","Chase Checking","",""
"8/02/2021","PayPal","PAYPAL           INST XFER  GOOG","8.80","debit","Shopping","Chase Checking","",""
"8/01/2021","PCC NATURAL MARKET REDMOND WA","PCC NATURAL MARKET  REDMOND             WA","68.48","debit","Groceries","AmEx Blue Cash","",""
"8/01/2021","Amazon","Amazon.com*2P2471ZV0","52.99","debit","Shopping","Amazon Chase","",""
"8/01/2021","Audible.com","Audible*2P0I46GE1","8.64","debit","Books","Amazon Chase","",""
"8/01/2021","Amazon","Amazon Tips*2P9GY0J10","5.00","debit","Shopping","Amazon Chase","",""
"8/01/2021","Payment Thank You - Web","Payment Thank You - Web","1200.00","credit","Transfer","Amazon Chase","",""
"7/31/2021","Safeway","SAFEWAY #0533 0533  WOODINVILLE         WA","51.42","debit","Groceries","AmEx Blue Cash","",""
"7/31/2021","DEPOSIT DIVIDEND Annual Percentage Yield Earned 0.55% for period from 07/01/21 thru 07/31/21 Based o","DEPOSIT DIVIDEND Annual Percentage Yield Earned 0.55% for period from 07/01/21 thru 07/31/21 Based on Average Daily Balance of: 21,285.70","9.92","credit","Investments","Alliant Savings","",""
"7/31/2021","Spring Hill Nursery","SPRING HILL NURSERIES 513-354-1510 OH","51.01","debit","Lawn & Garden","Alliant Visa","",""
"7/31/2021","Fred Meyer","FRED-MEYER #0457 BOTHELL WA","26.93","debit","Groceries","Alliant Visa","",""
"7/31/2021","Walgreens","WALGREENS #6614 BOTHELL WA","10.00","debit","Pharmacy","Alliant Visa","",""
"7/31/2021","RGP*Washington Tree 888-3623626 WA","RGP*Washington Tree 888-3623626 WA","62.75","debit","Home Services","Alliant Visa","",""
"7/31/2021","Beverages & More","BEVERAGES & MORE #157 REDMOND WA","74.69","debit","Alcohol & Bars","Costco Visa","",""
"7/31/2021","ONLINE PAYMENT, THANK YOU","ONLINE PAYMENT, THANK YOU","1500.00","credit","Transfer","Costco Visa","",""
"7/30/2021","Whole Foods","WHOLEFDS KRK#10655 0KIRKLAND            WA","104.60","debit","Groceries","AmEx Blue Cash","",""
"7/30/2021","FRGN TRANS FEE-SUPPORT_MDZ 74609051210000008807553; 00000;","FRGN TRANS FEE-SUPPORT_MDZ","0.20","debit","Fees & Charges","Fidelity Visa","",""
"7/30/2021","SUPPORT_MDZ RIGA 74609051210000008807553; 08699;","SUPPORT_MDZ RIGA","20.00","debit","Vacation","Fidelity Visa","",""
"7/30/2021","DOORDASH*SUSHI ZONE WWW.DOORDASH.CA","DOORDASH*SUSHI ZONE WWW.DOORDASH.CA","46.77","debit","Restaurants","Costco Visa","",""
"7/30/2021","SHILO INN - SEASIDE OCEANSEASIDE OR PHONE NUMBER: FOLIO NUMBER: ARRIVE: DEPART:","SHILO INN - SEASIDE OCEANSEASIDE OR PHONE NUMBER:  FOLIO NUMBER:  ARRIVE:  DEPART:","695.98","debit","Hotel","Costco Visa","",""
"7/30/2021","Amazon","Amazon.com*2E2504UD2","9.87","debit","Shopping","Amazon Chase","",""
"7/30/2021","Amazon","Amazon.com*2P98Q0FR0","20.19","debit","Shopping","Amazon Chase","",""
"7/30/2021","100-SFDC INC. PAYROLL PPD ID: 8359988345","100-SFDC INC.    PAYROLL","5990.45","credit","Paycheck","Chase Checking","",""
"7/29/2021","Sirius Radio","SXM*SIRIUSXM.COM/ACCT 888-635-5","6.06","debit","Music","Fidelity Visa","",""
"7/29/2021","Wheel Fun Rentals","WHEEL FUN RENTALS SEASIDE OR","40.00","debit","Entertainment","Alliant Visa","",""
"7/29/2021","SEASIDE AQUARIUM & GIFT SSEASIDE OR","SEASIDE AQUARIUM & GIFT SSEASIDE OR","22.50","debit","Gift","Alliant Visa","",""
"7/29/2021","RGP*Washington Tree 888-3623626 WA","RGP*Washington Tree 888-3623626 WA","176.10","debit","Home Services","Alliant Visa","",""
"7/29/2021","Etsy.com","Etsy.com - PlantinGreen 718-8557955 NY","62.74","debit","Shopping","Alliant Visa","",""
"7/29/2021","Costco Gas","COSTCO GAS #0740 LACEY WA","73.73","debit","Gas & Fuel","Costco Visa","",""
"7/29/2021","TST* BEACH DAY COFFEE SEASIDE OR","TST* BEACH DAY COFFEE SEASIDE OR","31.20","debit","Coffee Shops","Costco Visa","",""
"7/29/2021","TST* MO'S SEAFOOD & CHOWDSEASIDE OR","TST* MO'S SEAFOOD & CHOWDSEASIDE OR","52.15","debit","Restaurants","Costco Visa","",""
"7/29/2021","Denny's","DENNY'S #6008 KELSO WA","62.69","debit","Restaurants","Costco Visa","",""
"7/28/2021","NY TIMES NYTIME 402-935-7733 NY","PAYPAL *NY TIMES NYTIME 402-935-7733 NY","4.00","debit","Newspapers & Magazines","Alliant Visa","",""
"7/28/2021","Apple","APPLE.COM/BILL 866-712-7753 CA","16.15","debit","Gaming","Alliant Visa","",""
"7/28/2021","STRAWBERRY HILL POVITICA 800-631-1002 KS","STRAWBERRY HILL POVITICA 800-631-1002 KS","36.49","debit","Shopping","Alliant Visa","",""
"7/28/2021","DOOGERS SEAFOOD & GRILL SEASIDE OR","DOOGERS SEAFOOD & GRILL SEASIDE OR","20.00","debit","Restaurants","Costco Visa","",""
"7/28/2021","DOOGERS SEAFOOD & GRILL SEASIDE OR","DOOGERS SEAFOOD & GRILL SEASIDE OR","140.00","debit","Restaurants","Costco Visa","",""
"7/28/2021","Home-Made","SQ *ZINGERS HOMEMADE ICE Seaside OR","28.18","debit","Business Services","Costco Visa","",""
"7/28/2021","NONNI'S ITALIAN BISTRSeaside OR","SQ *NONNI'S ITALIAN BISTRSeaside OR","79.35","debit","Restaurants","Costco Visa","",""
"7/28/2021","PIG 'N PANCAKE-SEASIDE SEASIDE OR","PIG 'N PANCAKE-SEASIDE SEASIDE OR","45.00","debit","Restaurants","Costco Visa","",""
"7/28/2021","Starbucks","STARBUCKS STORE 49305 SEASIDE OR","13.50","debit","Coffee Shops","Costco Visa","",""
"7/28/2021","GrubHub","GRUBHUBTWISTEDCUBANCA GRUBHUB.COM NY","94.38","debit","Restaurants","Costco Visa","",""
"7/28/2021","Prime Video*2P59E43R1","Prime Video*2P59E43R1","3.25","debit","Movies & DVDs","Amazon Chase","",""
"7/28/2021","DOMESTIC INCOMING WIRE FEE","DOMESTIC INCOMING WIRE FEE","15.00","debit","Fees & Charges","Chase Checking","",""
"7/28/2021","Fedwire Via First","FEDWIRE CREDIT VIA: FIRST AMERIC","203193.63","credit","Income","Chase Checking","",""
"7/27/2021","SNOHOMISH COUNTY PUD 425-783-1 24692161208100097545694; 04900;","SNOHOMISH COUNTY PUD 425-783-1","66.39","debit","Bills & Utilities","Fidelity Visa","",""
"7/27/2021","HP Instant Ink","HP *INSTANT INK 855-785-2","3.25","debit","Printing","Fidelity Visa","",""
"7/27/2021","Shoes.com","SHOES.COM 888-200-8414 MA","141.22","debit","Clothing","Alliant Visa","",""
"7/27/2021","Molbak's LLC","MOLBAKS L.L.C. WOODINVILLE WA","44.03","debit","Lawn & Garden","Alliant Visa","",""
"7/27/2021","Spring Hill Nursery","SPRING HILL NURSERIES 513-354-1510 OH","48.35","debit","Lawn & Garden","Alliant Visa","",""
"7/27/2021","Sp Hebron Nutritiona","SP * HEBRON NUTRITIONA HEBRONNUTR CREDIT","49.74","credit","Transfer","Alliant Visa","",""
"7/27/2021","Starbucks","STARBUCKS STORE 11159 TUMWATER WA","14.55","debit","Coffee Shops","Costco Visa","",""
"7/27/2021","Woot LLC","AMZ*Woot LLC","78.25","debit","Clothing","Amazon Chase","",""
"7/26/2021","RIDWELL HTTPSWWW.R 24011341205000050020351; 04789;","RIDWELL HTTPSWWW.R","16.00","debit","Shopping","Fidelity Visa","",""
"7/26/2021","Comcast","COMCAST CABLE COMM 800-COMCA","92.30","debit","Internet","Fidelity Visa","",""
"7/26/2021","Amazon","Amazon.com*2P4B87FR1","29.39","debit","Shopping","Amazon Chase","",""
"7/26/2021","Amazon","AMZN Mktp US*2E3Z84KK0","66.28","debit","Shopping","Amazon Chase","",""
"7/26/2021","Amazon","AMZN Mktp US*2E7AX1BB2","186.97","debit","Shopping","Amazon Chase","",""
"7/26/2021","Amazon","Amazon.com*2P9L934P1","12.58","debit","Shopping","Amazon Chase","",""
"7/26/2021","PayPal","PAYPAL           INST XFER  GOOG","11.00","debit","Shopping","Chase Checking","",""
"7/25/2021","Amazon","AMZN Mktp US*2E8NB35H2","13.99","debit","Shopping","Amazon Chase","",""
"7/25/2021","Amazon","AMZN Mktp US*2P6O15OO1","26.66","debit","Shopping","Amazon Chase","",""
"7/23/2021","Amazon","AMZN Mktp US*2E6Q295M0","11.84","debit","Shopping","Amazon Chase","",""
"7/23/2021","Amazon","AMZN Mktp US*2E45Z8IC1","14.12","debit","Shopping","Amazon Chase","",""
"7/23/2021","Amazon","Amazon.com*2E4WH9HD0","14.90","debit","Shopping","Amazon Chase","",""
"7/22/2021","Amazon","AMZN Mktp US*2E6156EE2","11.96","debit","Shopping","Amazon Chase","",""
"7/22/2021","Amazon","AMZN Mktp US*2E1F53K41","16.79","debit","Shopping","Amazon Chase","",""
"7/21/2021","Amazon","Amazon.com*2E9PX8JI2","59.94","debit","Shopping","Amazon Chase","",""
"7/20/2021","CITI CARD ONLINE PAYMENT 4304 88693335435 WEB ID: CITICTP","CITI CARD ONLINE PAYMENT    4304","700.00","debit","Transfer","Chase Checking","",""
"7/20/2021","Alliant CU Visa WEBSERVPMT 9097 00000833920 WEB ID: 989765489","Alliant CU Visa  WEBSERVPMT 9097","4000.00","debit","Transfer","Chase Checking","",""
"7/20/2021","TJX","TJX Rewards MC   TJX EPAY   4305","262.99","debit","Clothing","Chase Checking","",""
"7/19/2021","Amazon","AMZN Mktp US*2E7LE5L92","52.95","debit","Shopping","Amazon Chase","",""
"7/19/2021","ATM WITHDRAWAL 000504 07/1813425 NE","ATM WITHDRAWAL","250.00","debit","Cash & ATM","Chase Checking","",""
"7/19/2021","PayPal","PAYPAL           INST XFER  GOOG","5.49","debit","Shopping","Chase Checking","",""
"7/19/2021","PayPal","PAYPAL           INST XFER  VEND","47.60","debit","Shopping","Chase Checking","",""
"7/19/2021","PayPal","PAYPAL           INST XFER  GOOG","11.00","debit","Shopping","Chase Checking","",""
"7/19/2021","ATM WITHDRAWAL 000731 07/1721045 BOT","ATM WITHDRAWAL","200.00","debit","Cash & ATM","Chase Checking","",""
"7/18/2021","Amazon","Amazon.com*2E1PF2HO1","29.09","debit","Shopping","Amazon Chase","",""
"7/18/2021","Amazon","Amazon.com*290O99YP2","49.78","debit","Shopping","Amazon Chase","",""
"7/16/2021","Amazon","Amazon.com*2E6NO94I0","18.25","debit","Shopping","Amazon Chase","",""
"7/16/2021","Amazon","AMZN Mktp US*2E8JI8GL1","24.95","debit","Shopping","Amazon Chase","",""
"7/15/2021","100-SFDC INC. PAYROLL PPD ID: 8359988345","100-SFDC INC.    PAYROLL","5990.44","credit","Paycheck","Chase Checking","",""
"7/15/2021","Online Transfer 12075672778 to A mex High Yield Savings Acct ########5387 transaction #: 12075672778","Online Transfer 12075672778 to A","100.00","debit","Transfer","Chase Checking","",""
"7/14/2021","Amazon","AMZN Mktp US*2E7TI2TP1","22.16","debit","Shopping","Amazon Chase","",""
"7/14/2021","American Express","AMERICAN EXPRESS ACH PMT    W228","900.00","debit","Transfer","Chase Checking","",""
"7/13/2021","ATM WITHDRAWAL 009201 07/1312028 NE","ATM WITHDRAWAL","50.00","debit","Cash & ATM","Chase Checking","",""
"7/12/2021","Amazon","AMZN Mktp US*294CO8BH2","64.12","debit","Shopping","Amazon Chase","",""
"7/12/2021","EBATES CC EBT EPAY 4240 07951 WEB ID: 9130142001","EBATES CC        EBT EPAY   4240","171.67","debit","Transfer","Chase Checking","",""
"7/11/2021","Amazon","Amazon Tips*2955F8M02","5.00","debit","Shopping","Amazon Chase","",""
"7/11/2021","Amazon","AMZN Mktp US*291FB92B0","7.60","debit","Shopping","Amazon Chase","",""
"7/11/2021","Amazon","AMZN Mktp US*290FW72S0","75.31","debit","Shopping","Amazon Chase","",""
"7/09/2021","Amazon","Amazon.com*2976T0GW2","45.60","debit","Shopping","Amazon Chase","",""
"7/09/2021","Amazon Music","Amazon Music*2921Q2G82","4.34","debit","Music","Amazon Chase","",""
"7/09/2021","Amazon","Amazon.com*294156WZ1","6.99","debit","Shopping","Amazon Chase","",""
"7/08/2021","Alliant CU Visa WEBSERVPMT 9097 00000833920 WEB ID: 989765489","Alliant CU Visa  WEBSERVPMT 9097","4000.00","debit","Transfer","Chase Checking","",""
"7/07/2021","Amazon","AMZN Mktp US*292AD27D1","26.94","debit","Shopping","Amazon Chase","",""
"7/07/2021","Amazon","AMZN Mktp US*2966N2TS2","619.58","debit","Shopping","Amazon Chase","",""
"7/07/2021","Payment Thank You - Web","Payment Thank You - Web","900.00","credit","Transfer","Amazon Chase","",""
"7/07/2021","Amazon","AMZN Mktp US*294TA7AB2","163.04","debit","Shopping","Amazon Chase","",""
"7/07/2021","CARDMEMBER SERV WEB payment **** *******7538 WEB ID: 5911111111","CARDMEMBER SERV  WEB PYMT   ****","1500.00","debit","Transfer","Chase Checking","",""
"7/07/2021","TOUCHNET WEB payment PPD ID: 3430653369","TOUCHNET         WEB PYMT","5571.00","debit","Mortgage & Rent","Chase Checking","",""
"7/07/2021","Chase card ending in 7738 07/07","Payment to Chase card ending in","900.00","debit","Transfer","Chase Checking","",""
"7/06/2021","TJX","TJX Rewards MC   TJX EPAY   4165","260.23","debit","Clothing","Chase Checking","",""
"7/06/2021","DOMESTIC INCOMING WIRE FEE","DOMESTIC INCOMING WIRE FEE","15.00","debit","Fees & Charges","Chase Checking","",""
"7/06/2021","Chips Via Citibank","CHIPS CREDIT VIA: CITIBANK N.A./","4100.00","credit","Income","Chase Checking","",""
"7/06/2021","CORNERSTONE 1 TIME DFT 0166 363754 WEB ID: 9DFT4","CORNERSTONE      1 TIME DFT 0166","4091.58","debit","Mortgage & Rent","Chase Checking","",""
"7/06/2021","CENTRAL LOAN ADM LOAN PAYMT 0160 381182 WEB ID: 9DRAFTING","CENTRAL LOAN ADM LOAN PAYMT 0160","590.46","debit","Mortgage & Rent","Chase Checking","",""
"7/05/2021","Amazon","Amazon.com*294RL6LD2","11.35","debit","Shopping","Amazon Chase","",""
"7/04/2021","Amazon","Amazon.com*2953D4OR2","184.78","debit","Shopping","Amazon Chase","",""
"7/04/2021","Amazon","Amazon.com*299NQ2NV0","17.38","debit","Shopping","Amazon Chase","",""
"7/04/2021","Woot Llc","AMZ*Woot LLC","15.20","credit","Transfer","Amazon Chase","",""
"7/02/2021","Amazon","AMZN Mktp US*2947004T0","77.17","debit","Shopping","Amazon Chase","",""
"7/02/2021","BEAR CREEK HEIGH Assn Dues 2469 7973 WEB ID: HOAPAYMENT","BEAR CREEK HEIGH Assn Dues  2469","75.00","debit","Mortgage & Rent","Chase Checking","",""
"7/02/2021","Alliant CU Visa WEBSERVPMT 9097 00000833920 WEB ID: 989765489","Alliant CU Visa  WEBSERVPMT 9097","3000.00","debit","Transfer","Chase Checking","",""
"7/01/2021","Audible.com","Audible*215PQ1IW2","8.64","debit","Books","Amazon Chase","",""
"7/01/2021","Payment Thank You - Web","Payment Thank You - Web","500.00","credit","Transfer","Amazon Chase","",""
"7/01/2021","Amazon","AMZN Mktp US*215NV2UN2","14.90","debit","Shopping","Amazon Chase","",""
"7/01/2021","Amazon","AMZN Mktp US*2136P0U32","9.42","debit","Shopping","Amazon Chase","",""
"7/01/2021","Chase card ending in 7738 07/01","Payment to Chase card ending in","500.00","debit","Transfer","Chase Checking","",""
"7/01/2021","DOVENMUEHLE MTG MORTG payment 1474 495536 WEB ID: 1362435132","DOVENMUEHLE MTG  MORTG PYMT 1474","3000.00","debit","Mortgage & Rent","Chase Checking","",""
"6/30/2021","Amazon","Amazon.com*218B85Y40","9.55","debit","Shopping","Amazon Chase","",""
"6/30/2021","Amazon","Amazon.com*2986P5PG1","16.31","debit","Shopping","Amazon Chase","",""
"6/30/2021","Amazon","Amazon.com*211BO9YS0","9.87","debit","Shopping","Amazon Chase","",""
"6/30/2021","Amazon","Amazon.com*215BZ3YW0","51.62","debit","Shopping","Amazon Chase","",""
"6/30/2021","TransferWise Inc TrnWise 1591 9655 WEB ID: 9453233521","TransferWise Inc TrnWise    1591","202.33","debit","Transfer","Chase Checking","",""
"6/30/2021","Online Transfer 11987551114 to A mex High Yield Savings Acct ########5387 transaction #: 11987551114","Online Transfer 11987551114 to A","100.00","debit","Transfer","Chase Checking","",""
"6/30/2021","100-SFDC INC. PAYROLL PPD ID: 8359988345","100-SFDC INC.    PAYROLL","6136.29","credit","Paycheck","Chase Checking","",""
"6/30/2021","PayPal","PAYPAL           INST XFER  GOOG","16.50","debit","Shopping","Chase Checking","",""
"6/29/2021","Woot LLC","AMZ*Woot LLC","30.41","debit","Shopping","Amazon Chase","",""
"6/29/2021","Amazon","AMZN Mktp US*2968Y9ET1","43.47","debit","Shopping","Amazon Chase","",""
"6/28/2021","Prime Video*219JD97W0","Prime Video*219JD97W0","3.25","debit","Movies & DVDs","Amazon Chase","",""
"6/27/2021","Amazon","AMZN Mktp US*212J98HA2","34.77","debit","Shopping","Amazon Chase","",""
"6/27/2021","Amazon","AMZN Mktp US*292PY4421","516.33","debit","Shopping","Amazon Chase","",""
"6/25/2021","CITI CARD ONLINE PAYMENT 4304 66400752432 WEB ID: CITICTP","CITI CARD ONLINE PAYMENT    4304","600.00","debit","Transfer","Chase Checking","",""
"6/24/2021","Amazon","Amazon.com*217FQ8HZ0","17.38","debit","Shopping","Amazon Chase","",""
"6/24/2021","Amazon","AMZN Mktp US*215LA1PE2","10.86","debit","Shopping","Amazon Chase","",""
"6/24/2021","REMOTE ONLINE DEPOSIT # 1 1","REMOTE ONLINE DEPOSIT #","595.40","credit","Income","Chase Checking","",""
"6/23/2021","Amazon","AMZN Mktp US*2194B8PC0","27.76","debit","Shopping","Amazon Chase","",""
"6/23/2021","PayPal","PAYPAL           INST XFER  GOOG","11.00","debit","Shopping","Chase Checking","",""
"6/22/2021","Amazon","Amazon Tips*214UK1221","5.00","debit","Shopping","Amazon Chase","",""
"6/22/2021","E*TRADE ACH TRNSFR PPD ID: 1391321258","E*TRADE          ACH TRNSFR","13672.72","credit","Transfer","Chase Checking","",""
"6/22/2021","Venmo Cashout Ppd","VENMO            CASHOUT","45.00","credit","Income","Chase Checking","",""
"6/21/2021","Amazon","AMZN Mktp US*215ZE0651","21.73","debit","Shopping","Amazon Chase","",""
"6/21/2021","Amazon","Amazon.com*218092ZM2","42.46","debit","Shopping","Amazon Chase","",""
"6/21/2021","Amazon","AMZN Mktp US*211HI6JR0","49.86","debit","Shopping","Amazon Chase","",""
"6/21/2021","Amazon","Amazon.com*219SL8T60","19.26","debit","Shopping","Amazon Chase","",""
"6/21/2021","ATM WITHDRAWAL 003063 06/1913425 NE","ATM WITHDRAWAL","400.00","debit","Cash & ATM","Chase Checking","",""
"6/18/2021","Amazon","AMZN Mktp US*2134P2450","38.03","debit","Shopping","Amazon Chase","",""
"6/18/2021","CITI CARD ONLINE PAYMENT 4304 60956082838 WEB ID: CITICTP","CITI CARD ONLINE PAYMENT    4304","600.00","debit","Transfer","Chase Checking","",""
"6/18/2021","Alliant CU Visa WEBSERVPMT 9097 00000833920 WEB ID: 989765489","Alliant CU Visa  WEBSERVPMT 9097","6000.00","debit","Transfer","Chase Checking","",""
"6/17/2021","Amazon","AMZN Mktp US*212MI2GA1","38.03","debit","Shopping","Amazon Chase","",""
"6/17/2021","Amazon","AMZN Mktp US*216350C50","10.86","debit","Shopping","Amazon Chase","",""
"6/17/2021","Amazon","AMZN Mktp US*213TS7C10","9.99","debit","Shopping","Amazon Chase","",""
"6/17/2021","American Express","AMERICAN EXPRESS ACH PMT    W767","550.00","debit","Transfer","Chase Checking","",""
"6/16/2021","Online Transfer 11894451219 to A mex High Yield Savings Acct ########5387 transaction #: 11894451219","Online Transfer 11894451219 to A","100.00","debit","Transfer","Chase Checking","",""
"6/15/2021","100-SFDC INC. PAYROLL PPD ID: 8359988345","100-SFDC INC.    PAYROLL","5990.44","credit","Paycheck","Chase Checking","",""
"6/14/2021","Amazon","Amazon Tips*2X0EN1812","5.00","debit","Shopping","Amazon Chase","",""
"6/14/2021","Amazon","PAYMENT FOR AMZ  STORECARD  3987","219.99","debit","Shopping","Chase Checking","",""
"6/14/2021","REMOTE ONLINE DEPOSIT # 1 1","REMOTE ONLINE DEPOSIT #","53.17","credit","Transfer","Chase Checking","",""
"6/13/2021","Amazon","Amazon.com*2X78286U0","77.95","debit","Shopping","Amazon Chase","",""
"6/11/2021","Amazon","AMZN Mktp US*2X1HL3032","1.13","debit","Shopping","Amazon Chase","",""
